n_neighbors,min_cluster_size,min_samples,cluster_selection_method,reduce_nr,seed,n_raw,outlier_pre,outlier_post,K,cv,div,excl,frex
10,8,,leaf,10,42,230,0.40551583248212464,0.40551583248212464,9,0.5077733944565868,0.9166666666666666,0.851684902860863,0.9662455082756867
10,8,,leaf,15,42,230,0.40551583248212464,0.40551583248212464,14,0.48951957818858205,0.9142857142857143,0.8176476214568863,0.9804549756322573
10,8,,leaf,20,42,230,0.40551583248212464,0.40551583248212464,19,0.5123011368445943,0.9052631578947369,0.7725667374611894,0.9855403961847699
10,8,,leaf,25,42,230,0.40551583248212464,0.40551583248212464,24,0.5449692110158604,0.8979166666666667,0.7544677495426105,0.9890052653583403
10,8,,leaf,30,42,230,0.40551583248212464,0.40551583248212464,29,0.5621249013327395,0.8931034482758621,0.7425034141501976,0.9908082126940353
10,8,,eom,10,42,187,0.2794234479627738,0.2794234479627738,9,0.604185882289614,0.9222222222222223,0.8492204564851841,0.9592309012125969
10,8,,eom,15,42,187,0.2794234479627738,0.2794234479627738,14,0.5778906588175861,0.9035714285714286,0.8171071061328192,0.9767522123227704
10,8,,eom,20,42,187,0.2794234479627738,0.2794234479627738,19,0.5544392028662992,0.8921052631578947,0.7788522676268436,0.9814145078910382
10,8,,eom,25,42,187,0.2794234479627738,0.2794234479627738,24,0.5608063305755556,0.9,0.7719484374223722,0.9856421134190058
10,8,,eom,30,42,187,0.2794234479627738,0.2794234479627738,29,0.5856648164297685,0.8931034482758621,0.7506335914983702,0.9886445839410569
10,8,5.0,leaf,10,42,285,0.38599477925320624,0.38599477925320624,9,0.6695282409261152,0.9444444444444444,0.8580071566231932,0.9649482886244153
10,8,5.0,leaf,15,42,285,0.38599477925320624,0.38599477925320624,14,0.6860880772809368,0.9357142857142857,0.8378410602363637,0.9799950091632141
10,8,5.0,leaf,20,42,285,0.38599477925320624,0.38599477925320624,19,0.6277559708585093,0.9315789473684211,0.8186146544217544,0.9850098492463317
10,8,5.0,leaf,25,42,285,0.38599477925320624,0.38599477925320624,24,0.6172998368436716,0.90625,0.7840800190464602,0.9880403614368505
10,8,5.0,leaf,30,42,285,0.38599477925320624,0.38599477925320624,29,0.6000522850816699,0.896551724137931,0.7525621957770242,0.9902870919959337
10,8,5.0,eom,10,42,235,0.26739303143797527,0.26739303143797527,9,0.6456213155235632,0.9611111111111111,0.8843492977646374,0.9600342669422459
10,8,5.0,eom,15,42,235,0.26739303143797527,0.26739303143797527,14,0.5589672043276577,0.9321428571428572,0.8335628266354315,0.9759983492843691
10,8,5.0,eom,20,42,235,0.26739303143797527,0.26739303143797527,19,0.644711459095306,0.9263157894736842,0.8193299694219701,0.9817362434529197
10,8,5.0,eom,25,42,235,0.26739303143797527,0.26739303143797527,24,0.5941789327011252,0.90625,0.7720509624767944,0.9861336034697926
10,8,5.0,eom,30,42,235,0.26739303143797527,0.26739303143797527,29,0.5578081741293048,0.8879310344827587,0.7410100342304096,0.9885526369343445
10,8,15.0,leaf,10,42,139,0.446033367381682,0.446033367381682,9,0.5066665245050809,0.9444444444444444,0.8552585249548726,0.9674032839278682
10,8,15.0,leaf,15,42,139,0.446033367381682,0.446033367381682,14,0.5491641848860822,0.9321428571428572,0.8338463426901447,0.981766426406577
10,8,15.0,leaf,20,42,139,0.446033367381682,0.446033367381682,19,0.5214417796366595,0.9236842105263158,0.7970073720101322,0.9870475190304158
10,8,15.0,leaf,25,42,139,0.446033367381682,0.446033367381682,24,0.5653704130969429,0.8916666666666667,0.7527488986706034,0.9897334420586615
10,8,15.0,leaf,30,42,139,0.446033367381682,0.446033367381682,29,0.6090343993370184,0.8879310344827587,0.7384443694780302,0.9914568332994474
10,8,15.0,eom,10,42,109,0.30110089660651457,0.30110089660651457,9,0.5595670822510448,0.9666666666666667,0.8928680770202158,0.9623377601196026
10,8,15.0,eom,15,42,109,0.30110089660651457,0.30110089660651457,14,0.544815895981659,0.9357142857142857,0.8359854902946926,0.9770193008908619
10,8,15.0,eom,20,42,109,0.30110089660651457,0.30110089660651457,19,0.5766762508417035,0.8947368421052632,0.7626669747674422,0.9836288237578321
10,8,15.0,eom,25,42,109,0.30110089660651457,0.30110089660651457,24,0.6337540034439028,0.9,0.7587215615525764,0.9871110595595803
10,8,15.0,eom,30,42,109,0.30110089660651457,0.30110089660651457,29,0.6270936675706785,0.8775862068965518,0.7341737402296422,0.989131682323839
10,15,,leaf,10,42,126,0.4198161389172625,0.4198161389172625,9,0.5238765445003731,0.9111111111111111,0.846465618441484,0.9678040080331297
10,15,,leaf,15,42,126,0.4198161389172625,0.4198161389172625,14,0.6135000302059345,0.9321428571428572,0.8482357922565323,0.9811822195347514
10,15,,leaf,20,42,126,0.4198161389172625,0.4198161389172625,19,0.5496819617906419,0.9052631578947369,0.7786567901783423,0.9866251295178186
10,15,,leaf,25,42,126,0.4198161389172625,0.4198161389172625,24,0.5996143935197802,0.9083333333333333,0.7672497561552403,0.9893061494257559
10,15,,leaf,30,42,126,0.4198161389172625,0.4198161389172625,29,0.5950391915608783,0.8862068965517241,0.7267804160482604,0.9909539522836079
10,15,,eom,10,42,82,0.20951083872432186,0.20951083872432186,9,0.40239693233255075,0.9777777777777777,0.918146230572207,0.9672206032594821
10,15,,eom,15,42,82,0.20951083872432186,0.20951083872432186,14,0.5297006185815933,0.9392857142857143,0.8453865642547839,0.9726102082503852
10,15,,eom,20,42,82,0.20951083872432186,0.20951083872432186,19,0.5983461170174769,0.9157894736842105,0.7962233291424983,0.9796337646516134
10,15,,eom,25,42,82,0.20951083872432186,0.20951083872432186,24,0.5941884362908716,0.9125,0.7795876807086412,0.9848147453756738
10,15,,eom,30,42,82,0.20951083872432186,0.20951083872432186,29,0.6198541200652585,0.8793103448275862,0.7353805164134701,0.9873173466995065
10,15,5.0,leaf,10,42,161,0.3371921461809102,0.3371921461809102,9,0.601013245685344,0.95,0.8756072286709353,0.962406998718276
10,15,5.0,leaf,15,42,161,0.3371921461809102,0.3371921461809102,14,0.630753056609023,0.9285714285714286,0.8279298265493816,0.9775172135682231
10,15,5.0,leaf,20,42,161,0.3371921461809102,0.3371921461809102,19,0.6258995345177192,0.9078947368421053,0.7787211190265092,0.9840985572353
10,15,5.0,leaf,25,42,161,0.3371921461809102,0.3371921461809102,24,0.6302922089410177,0.89375,0.7565747948510353,0.9874828342003031
10,15,5.0,leaf,30,42,161,0.3371921461809102,0.3371921461809102,29,0.6053737296451701,0.8896551724137931,0.7284639952337701,0.9897072858837174
10,15,5.0,eom,10,42,124,0.2289183974577233,0.2289183974577233,9,0.5410858707729223,0.9444444444444444,0.8781624546246456,0.9540097939500983
10,15,5.0,eom,15,42,124,0.2289183974577233,0.2289183974577233,14,0.6052782355570671,0.9214285714285714,0.8268704761100653,0.9730166145367648
10,15,5.0,eom,20,42,124,0.2289183974577233,0.2289183974577233,19,0.6147046944194643,0.8973684210526316,0.778672836191894,0.9814200536771021
10,15,5.0,eom,25,42,124,0.2289183974577233,0.2289183974577233,24,0.5620709530733274,0.88125,0.7381568986773684,0.9850668696212802
10,15,5.0,eom,30,42,124,0.2289183974577233,0.2289183974577233,29,0.6086028204747396,0.8793103448275862,0.7251368037732807,0.9876501761088442
10,15,15.0,leaf,10,42,126,0.4198161389172625,0.4198161389172625,9,0.5238765445003731,0.9111111111111111,0.846465618441484,0.9678040080331297
10,15,15.0,leaf,15,42,126,0.4198161389172625,0.4198161389172625,14,0.6135000302059345,0.9321428571428572,0.8482357922565323,0.9811822195347514
10,15,15.0,leaf,20,42,126,0.4198161389172625,0.4198161389172625,19,0.5496819617906419,0.9052631578947369,0.7786567901783423,0.9866251295178186
10,15,15.0,leaf,25,42,126,0.4198161389172625,0.4198161389172625,24,0.5996143935197802,0.9083333333333333,0.7672497561552403,0.9893061494257559
10,15,15.0,leaf,30,42,126,0.4198161389172625,0.4198161389172625,29,0.5950391915608783,0.8862068965517241,0.7267804160482604,0.9909539522836079
10,15,15.0,eom,10,42,82,0.20951083872432186,0.20951083872432186,9,0.40239693233255075,0.9777777777777777,0.918146230572207,0.9672206032594821
10,15,15.0,eom,15,42,82,0.20951083872432186,0.20951083872432186,14,0.5297006185815933,0.9392857142857143,0.8453865642547839,0.9726102082503852
10,15,15.0,eom,20,42,82,0.20951083872432186,0.20951083872432186,19,0.5983461170174769,0.9157894736842105,0.7962233291424983,0.9796337646516134
10,15,15.0,eom,25,42,82,0.20951083872432186,0.20951083872432186,24,0.5941884362908716,0.9125,0.7795876807086412,0.9848147453756738
10,15,15.0,eom,30,42,82,0.20951083872432186,0.20951083872432186,29,0.6198541200652585,0.8793103448275862,0.7353805164134701,0.9873173466995065
10,25,,leaf,10,42,72,0.42106457836794914,0.42106457836794914,9,0.6647018486561465,0.9666666666666667,0.9089287851736513,0.9713930885154812
10,25,,leaf,15,42,72,0.42106457836794914,0.42106457836794914,14,0.600695699401583,0.95,0.8635903870127668,0.9826401180838787
10,25,,leaf,20,42,72,0.42106457836794914,0.42106457836794914,19,0.6638701573236098,0.9157894736842105,0.8093797485657842,0.9874076140011059
10,25,,leaf,25,42,72,0.42106457836794914,0.42106457836794914,24,0.6686747928307498,0.9104166666666667,0.778021223162538,0.989905094181959
10,25,,leaf,30,42,72,0.42106457836794914,0.42106457836794914,29,0.6786799002441808,0.8844827586206897,0.7381558897054938,0.9914661545502125
10,25,,eom,10,42,45,0.13505844966519123,0.13505844966519123,9,0.7453586794570295,0.9666666666666667,0.8990621420606488,0.9473264714926243
10,25,,eom,15,42,45,0.13505844966519123,0.13505844966519123,14,0.6981708726088556,0.9678571428571429,0.864811877269951,0.9644943605976726
10,25,,eom,20,42,45,0.13505844966519123,0.13505844966519123,19,0.6537404764972411,0.9210526315789473,0.7972572970397672,0.9766892905769482
10,25,,eom,25,42,45,0.13505844966519123,0.13505844966519123,24,0.6554691428240992,0.9145833333333333,0.7794304570532243,0.983118581401484
10,25,,eom,30,42,45,0.13505844966519123,0.13505844966519123,29,0.6421801737357477,0.8913793103448275,0.7323588352486802,0.9864976475051059
10,25,5.0,leaf,10,42,109,0.34649869481330153,0.34649869481330153,9,0.6953191930145336,0.9666666666666667,0.909616316486485,0.9642812624384229
10,25,5.0,leaf,15,42,109,0.34649869481330153,0.34649869481330153,14,0.5507038517170086,0.9392857142857143,0.8654574158803591,0.978756385190925
10,25,5.0,leaf,20,42,109,0.34649869481330153,0.34649869481330153,19,0.5994947363978141,0.9052631578947369,0.7967285848640528,0.9846159839476234
10,25,5.0,leaf,25,42,109,0.34649869481330153,0.34649869481330153,24,0.6243802311134853,0.8979166666666667,0.7629705409847948,0.9878311388941925
10,25,5.0,leaf,30,42,109,0.34649869481330153,0.34649869481330153,29,0.6322130508520899,0.8879310344827587,0.7299601540614555,0.9899192176277983
10,25,5.0,eom,10,42,68,0.1728521166723414,0.1728521166723414,9,0.6448052320133624,0.9722222222222222,0.9129257987646202,0.9535462319476947
10,25,5.0,eom,15,42,68,0.1728521166723414,0.1728521166723414,14,0.661864849197694,0.9428571428571428,0.8705594669859386,0.9712285636824103
10,25,5.0,eom,20,42,68,0.1728521166723414,0.1728521166723414,19,0.6464926383357309,0.9394736842105263,0.8156635228607702,0.9775106100909268
10,25,5.0,eom,25,42,68,0.1728521166723414,0.1728521166723414,24,0.640757739813883,0.9229166666666667,0.7818160855852122,0.9834922759734157
10,25,5.0,eom,30,42,68,0.1728521166723414,0.1728521166723414,29,0.5977015852657582,0.906896551724138,0.7529134193498127,0.9866642794125824
10,25,15.0,leaf,10,42,91,0.4165247985472705,0.4165247985472705,9,0.6807927481041065,0.9722222222222222,0.9112327357467043,0.9692266644261918
10,25,15.0,leaf,15,42,91,0.4165247985472705,0.4165247985472705,14,0.5799354164923746,0.9321428571428572,0.8497150974647057,0.9809059165516727
10,25,15.0,leaf,20,42,91,0.4165247985472705,0.4165247985472705,19,0.5813480884088965,0.9078947368421053,0.7954563679378076,0.9866787797529856
10,25,15.0,leaf,25,42,91,0.4165247985472705,0.4165247985472705,24,0.5920779639726387,0.8979166666666667,0.7744967956567995,0.9898038299022812
10,25,15.0,leaf,30,42,91,0.4165247985472705,0.4165247985472705,29,0.5963597256904167,0.8931034482758621,0.7485995242536582,0.991310317667722
10,25,15.0,eom,10,42,61,0.16570196345477245,0.16570196345477245,9,0.6311412842158518,0.9722222222222222,0.9082131728513456,0.9536055226240272
10,25,15.0,eom,15,42,61,0.16570196345477245,0.16570196345477245,14,0.6113657277229975,0.9571428571428572,0.8686086784974533,0.9702145286175828
10,25,15.0,eom,20,42,61,0.16570196345477245,0.16570196345477245,19,0.6695480333708933,0.9105263157894737,0.7937954091372488,0.9795275635834378
10,25,15.0,eom,25,42,61,0.16570196345477245,0.16570196345477245,24,0.6300542304144917,0.9,0.758797124255071,0.9841400422948793
10,25,15.0,eom,30,42,61,0.16570196345477245,0.16570196345477245,29,0.6408439787374414,0.8896551724137931,0.7279094898174949,0.9867286308848441
10,30,,leaf,10,42,66,0.4081262058790149,0.4081262058790149,9,0.6614977635635764,0.9777777777777777,0.919678242528176,0.9706045710547893
10,30,,leaf,15,42,66,0.4081262058790149,0.4081262058790149,14,0.608388387852821,0.9571428571428572,0.8732986829846558,0.9825378591111864
10,30,,leaf,20,42,66,0.4081262058790149,0.4081262058790149,19,0.6215927171757947,0.9394736842105263,0.8297948374972567,0.9873969051648553
10,30,,leaf,25,42,66,0.4081262058790149,0.4081262058790149,24,0.6434359631483738,0.9104166666666667,0.783265312486049,0.9896287979221897
10,30,,leaf,30,42,66,0.4081262058790149,0.4081262058790149,29,0.6359314376900588,0.8931034482758621,0.7443230045197804,0.9913149003520499
10,30,,eom,10,42,41,0.1159913744183407,0.1159913744183407,9,0.7603872046410369,0.9777777777777777,0.9146085510471494,0.9560965902120233
10,30,,eom,15,42,41,0.1159913744183407,0.1159913744183407,14,0.7373216959868591,0.9464285714285714,0.864358930284758,0.9676499428582669
10,30,,eom,20,42,41,0.1159913744183407,0.1159913744183407,19,0.6367356145997953,0.9368421052631579,0.8076543196841367,0.9787182351576114
10,30,,eom,25,42,41,0.1159913744183407,0.1159913744183407,24,0.636027684297556,0.9166666666666666,0.7770070478062493,0.9831525175500425
10,30,,eom,30,42,41,0.1159913744183407,0.1159913744183407,29,,0.8931034482758621,0.7346745322289676,0.9864187272953759
10,30,5.0,leaf,10,42,95,0.355464759959142,0.355464759959142,9,0.7187741697020428,0.9666666666666667,0.8965550092490151,0.9638543172031283
10,30,5.0,leaf,15,42,95,0.355464759959142,0.355464759959142,14,0.6189396489045255,0.9464285714285714,0.8694676388666356,0.9802167390986805
10,30,5.0,leaf,20,42,95,0.355464759959142,0.355464759959142,19,0.6667487420705287,0.9184210526315789,0.8119770513317712,0.9851073531127148
10,30,5.0,leaf,25,42,95,0.355464759959142,0.355464759959142,24,0.6359812004639921,0.9020833333333333,0.771118063089059,0.9882943006675191
10,30,5.0,leaf,30,42,95,0.355464759959142,0.355464759959142,29,0.6375759797031925,0.8793103448275862,0.7178112735454177,0.9902509813325803
10,30,5.0,eom,10,42,59,0.17410055612302802,0.17410055612302802,9,0.7346471260846046,0.9722222222222222,0.9102341696234184,0.952680865565148
10,30,5.0,eom,15,42,59,0.17410055612302802,0.17410055612302802,14,0.6150795156717027,0.95,0.8795502897574394,0.9698187275234184
10,30,5.0,eom,20,42,59,0.17410055612302802,0.17410055612302802,19,0.5880154099450866,0.9263157894736842,0.8009135375780817,0.9804453880105103
10,30,5.0,eom,25,42,59,0.17410055612302802,0.17410055612302802,24,0.6085447487440406,0.9125,0.7736000611619862,0.9842734535403533
10,30,5.0,eom,30,42,59,0.17410055612302802,0.17410055612302802,29,0.6162148629770126,0.906896551724138,0.7394255706020505,0.9871266207611437
10,30,15.0,leaf,10,42,79,0.39484734990352965,0.39484734990352965,9,0.6946392330275707,0.9666666666666667,0.9042779169098587,0.9674877956299446
10,30,15.0,leaf,15,42,79,0.39484734990352965,0.39484734990352965,14,0.601675299938912,0.9392857142857143,0.8639004658643564,0.9814692292350475
10,30,15.0,leaf,20,42,79,0.39484734990352965,0.39484734990352965,19,0.5632176017078423,0.9315789473684211,0.8169587370126422,0.9870207092929498
10,30,15.0,leaf,25,42,79,0.39484734990352965,0.39484734990352965,24,0.6010088808361355,0.9208333333333333,0.7939730605567891,0.9894935611695503
10,30,15.0,leaf,30,42,79,0.39484734990352965,0.39484734990352965,29,0.628709923263749,0.8913793103448275,0.7381075604709216,0.9911136696607163
10,30,15.0,eom,10,42,45,0.11939620928384974,0.11939620928384974,9,0.7595242547962456,0.9666666666666667,0.9044504330503513,0.9467173690434758
10,30,15.0,eom,15,42,45,0.11939620928384974,0.11939620928384974,14,0.6438291272934099,0.95,0.864832970270194,0.9670933288523937
10,30,15.0,eom,20,42,45,0.11939620928384974,0.11939620928384974,19,0.653440719493787,0.9289473684210526,0.7964123329315026,0.9766400427808236
10,30,15.0,eom,25,42,45,0.11939620928384974,0.11939620928384974,24,0.629347393089481,0.9166666666666666,0.7757563029247846,0.9835548766311808
10,30,15.0,eom,30,42,45,0.11939620928384974,0.11939620928384974,29,0.6640566966594462,0.8844827586206897,0.7256189231756253,0.9861060309703089
10,35,,leaf,10,42,56,0.4586312563840654,0.4586312563840654,9,0.6445286731460002,0.9666666666666667,0.8929234872328098,0.9706686563237462
10,35,,leaf,15,42,56,0.4586312563840654,0.4586312563840654,14,0.6089956420866738,0.9392857142857143,0.8499235313484792,0.9836375509812865
10,35,,leaf,20,42,56,0.4586312563840654,0.4586312563840654,19,0.5844693186774773,0.9342105263157895,0.8153238921486082,0.9883703835039084
10,35,,leaf,25,42,56,0.4586312563840654,0.4586312563840654,24,0.609140301648034,0.9083333333333333,0.7733597920091735,0.9905831558225019
10,35,,leaf,30,42,56,0.4586312563840654,0.4586312563840654,29,0.6447992611404946,0.896551724137931,0.7344969689321191,0.9921945728950806
10,35,,eom,10,42,35,0.14901827261377823,0.14901827261377823,9,0.7146071036034554,0.9444444444444444,0.8814858864155337,0.9502409789109121
10,35,,eom,15,42,35,0.14901827261377823,0.14901827261377823,14,0.6323050153625297,0.9428571428571428,0.8342880193033185,0.972748053688987
10,35,,eom,20,42,35,0.14901827261377823,0.14901827261377823,19,0.6325260603415103,0.9210526315789473,0.7853188097584972,0.9809568345219811
10,35,,eom,25,42,35,0.14901827261377823,0.14901827261377823,24,0.618172990854912,0.9,0.7497757474248492,0.985000650443744
10,35,,eom,30,42,35,0.14901827261377823,0.14901827261377823,29,0.6619913318159178,0.8758620689655172,0.7010881754514621,0.9871315426461562
10,35,5.0,leaf,10,42,79,0.34048348655090227,0.34048348655090227,9,0.6805927820209843,0.9722222222222222,0.9107446262521895,0.9628531176907656
10,35,5.0,leaf,15,42,79,0.34048348655090227,0.34048348655090227,14,0.6430623341725056,0.9464285714285714,0.8661210671128236,0.9797704774002874
10,35,5.0,leaf,20,42,79,0.34048348655090227,0.34048348655090227,19,0.6543148153027225,0.9368421052631579,0.8347102121485956,0.9852282466453396
10,35,5.0,leaf,25,42,79,0.34048348655090227,0.34048348655090227,24,0.6332741024830782,0.9041666666666667,0.7706463524545115,0.9884696442804878
10,35,5.0,leaf,30,42,79,0.34048348655090227,0.34048348655090227,29,0.6199674586873032,0.8913793103448275,0.7355564180221857,0.9903254061170492
10,35,5.0,eom,10,42,51,0.12881625241175804,0.12881625241175804,9,0.7446677658769333,0.9722222222222222,0.9098450710733024,0.9463033175918886
10,35,5.0,eom,15,42,51,0.12881625241175804,0.12881625241175804,14,0.6661198399811251,0.9571428571428572,0.883461523786797,0.9664517316940435
10,35,5.0,eom,20,42,51,0.12881625241175804,0.12881625241175804,19,0.6286325202097531,0.9447368421052632,0.8236636329211589,0.9772847766496553
10,35,5.0,eom,25,42,51,0.12881625241175804,0.12881625241175804,24,0.6011871545317834,0.9104166666666667,0.7641546666393845,0.9837315470399576
10,35,5.0,eom,30,42,51,0.12881625241175804,0.12881625241175804,29,0.6414893359113235,0.8948275862068965,0.7235376026403223,0.986473431863813
10,35,15.0,leaf,10,42,67,0.37124049483600047,0.37124049483600047,9,0.7329567422613522,0.9722222222222222,0.8902647401046294,0.9645806173391419
10,35,15.0,leaf,15,42,67,0.37124049483600047,0.37124049483600047,14,0.6094390183217578,0.9428571428571428,0.8625493234893817,0.980820506716842
10,35,15.0,leaf,20,42,67,0.37124049483600047,0.37124049483600047,19,0.6125694250111811,0.9421052631578948,0.8357018856259587,0.9867665138771431
10,35,15.0,leaf,25,42,67,0.37124049483600047,0.37124049483600047,24,0.6041629573581052,0.9104166666666667,0.7815340213085049,0.9892536856279531
10,35,15.0,leaf,30,42,67,0.37124049483600047,0.37124049483600047,29,0.646079560949595,0.8913793103448275,0.7414415948599289,0.9908041414129876
10,35,15.0,eom,10,42,39,0.11031664964249234,0.11031664964249234,9,0.7173375788926386,0.9777777777777777,0.9053527368721829,0.9483650453623417
10,35,15.0,eom,15,42,39,0.11031664964249234,0.11031664964249234,14,0.6664064203132938,0.9285714285714286,0.8472750759863941,0.9662078662561885
10,35,15.0,eom,20,42,39,0.11031664964249234,0.11031664964249234,19,0.6217094516337837,0.9184210526315789,0.792244668991496,0.9781505893794813
10,35,15.0,eom,25,42,39,0.11031664964249234,0.11031664964249234,24,0.6501178998840411,0.9145833333333333,0.7648445581440031,0.9837536585790826
10,35,15.0,eom,30,42,39,0.11031664964249234,0.11031664964249234,29,0.6401755660562336,0.8862068965517241,0.7188037803489713,0.9861153266522978
10,40,,leaf,10,42,50,0.43842923618204516,0.43842923618204516,9,0.637998870868245,0.95,0.8855746715924249,0.9719565038845737
10,40,,leaf,15,42,50,0.43842923618204516,0.43842923618204516,14,0.6038502262495327,0.9392857142857143,0.8588575276991028,0.9837927382589023
10,40,,leaf,20,42,50,0.43842923618204516,0.43842923618204516,19,0.6150691482559746,0.9052631578947369,0.7912607388632549,0.9875237424325544
10,40,,leaf,25,42,50,0.43842923618204516,0.43842923618204516,24,0.633046609422946,0.9,0.7588429997261933,0.9902025816834922
10,40,,leaf,30,42,50,0.43842923618204516,0.43842923618204516,29,0.6634847610195109,0.8844827586206897,0.7314293009794094,0.991662825924819
10,40,,eom,10,42,33,0.14549994325275223,0.14549994325275223,9,0.6251903546784772,0.9611111111111111,0.8874425583666845,0.952911825752546
10,40,,eom,15,42,33,0.14549994325275223,0.14549994325275223,14,0.6297250728808896,0.9535714285714286,0.8491382647574348,0.9735425288315795
10,40,,eom,20,42,33,0.14549994325275223,0.14549994325275223,19,0.6318732007223469,0.9315789473684211,0.7949031117123467,0.9813980492761994
10,40,,eom,25,42,33,0.14549994325275223,0.14549994325275223,24,0.6218372446620754,0.9125,0.7668258629928486,0.9849023692061362
10,40,,eom,30,42,33,0.14549994325275223,0.14549994325275223,29,0.6813072129453154,0.8741379310344828,0.7055193675022453,0.9870015252173033
10,40,5.0,leaf,10,42,68,0.3289070480081716,0.3289070480081716,9,0.6628721394655144,0.9555555555555556,0.8778849761911542,0.9626532284507413
10,40,5.0,leaf,15,42,68,0.3289070480081716,0.3289070480081716,14,0.6577074239552705,0.9535714285714286,0.867872441883376,0.9795830017976882
10,40,5.0,leaf,20,42,68,0.3289070480081716,0.3289070480081716,19,0.6371860585577762,0.9157894736842105,0.8021378217073633,0.985135773703945
10,40,5.0,leaf,25,42,68,0.3289070480081716,0.3289070480081716,24,0.5941745283221813,0.8916666666666667,0.7388891128010403,0.9881257692886013
10,40,5.0,leaf,30,42,68,0.3289070480081716,0.3289070480081716,29,0.5975670248400241,0.8775862068965518,0.704085806662975,0.9900481052642137
10,40,5.0,eom,10,42,39,0.10566337532629667,0.10566337532629667,9,0.68933507234631,0.9555555555555556,0.8881449783350214,0.942053877991733
10,40,5.0,eom,15,42,39,0.10566337532629667,0.10566337532629667,14,0.6019554993595342,0.95,0.8551029626297579,0.9700197964305078
10,40,5.0,eom,20,42,39,0.10566337532629667,0.10566337532629667,19,0.5836298255100866,0.9289473684210526,0.7912366048624916,0.9790379480559747
10,40,5.0,eom,25,42,39,0.10566337532629667,0.10566337532629667,24,0.5906806512850369,0.9083333333333333,0.7421536562369235,0.9835912453774913
10,40,5.0,eom,30,42,39,0.10566337532629667,0.10566337532629667,29,0.6091533996944583,0.8741379310344828,0.6900288687370978,0.9861888467704107
10,40,15.0,leaf,10,42,59,0.3671546929973896,0.3671546929973896,9,0.6592321503444367,0.9722222222222222,0.8987720718294345,0.9667713408390668
10,40,15.0,leaf,15,42,59,0.3671546929973896,0.3671546929973896,14,0.6389875681436028,0.9464285714285714,0.8648022627374753,0.9812658513248925
10,40,15.0,leaf,20,42,59,0.3671546929973896,0.3671546929973896,19,0.5972627614942215,0.9131578947368421,0.7971900446916413,0.986360744357885
10,40,15.0,leaf,25,42,59,0.3671546929973896,0.3671546929973896,24,0.6311644055767124,0.8979166666666667,0.7576617172791783,0.9891927945088241
10,40,15.0,leaf,30,42,59,0.3671546929973896,0.3671546929973896,29,0.6539039312636267,0.8620689655172413,0.7059427245131922,0.9906078198528631
10,40,15.0,eom,10,42,35,0.11701282487799342,0.11701282487799342,9,0.6487783640018188,0.9722222222222222,0.9082904507375493,0.9428311650767268
10,40,15.0,eom,15,42,35,0.11701282487799342,0.11701282487799342,14,0.6582715458688175,0.9321428571428572,0.8281336172510328,0.9681130197363422
10,40,15.0,eom,20,42,35,0.11701282487799342,0.11701282487799342,19,0.624138485058506,0.9157894736842105,0.7784243955108369,0.9793749045616363
10,40,15.0,eom,25,42,35,0.11701282487799342,0.11701282487799342,24,0.6379479822189235,0.9104166666666667,0.7489740992246864,0.9837765152501676
10,40,15.0,eom,30,42,35,0.11701282487799342,0.11701282487799342,29,0.6220458217241768,0.8793103448275862,0.6894468341723974,0.9862156440351584
15,8,,leaf,10,42,198,0.43808875269549424,0.43808875269549424,9,0.5624138874823628,0.95,0.8795022388207305,0.9677569437022405
15,8,,leaf,15,42,198,0.43808875269549424,0.43808875269549424,14,0.5277495268606305,0.9285714285714286,0.8308910186948717,0.9827204755965135
15,8,,leaf,20,42,198,0.43808875269549424,0.43808875269549424,19,0.5768853126633884,0.9157894736842105,0.7907542915366967,0.9870943892171774
15,8,,leaf,25,42,198,0.43808875269549424,0.43808875269549424,24,0.6352846282904457,0.8979166666666667,0.7806130966571608,0.9898551750582003
15,8,,leaf,30,42,198,0.43808875269549424,0.43808875269549424,29,0.6193306417986173,0.903448275862069,0.7662422300076259,0.9915859240411883
15,8,,eom,10,42,160,0.2885030076041312,0.2885030076041312,9,0.49321974974742705,0.9277777777777778,0.8826652985129226,0.9662543205565901
15,8,,eom,15,42,160,0.2885030076041312,0.2885030076041312,14,0.5119860967064981,0.9285714285714286,0.8514653953680345,0.9780238685489345
15,8,,eom,20,42,160,0.2885030076041312,0.2885030076041312,19,0.636865944762894,0.9,0.7921052437789402,0.9840574885971831
15,8,,eom,25,42,160,0.2885030076041312,0.2885030076041312,24,0.6352758417770662,0.8916666666666667,0.7680923343819215,0.9870649235821173
15,8,,eom,30,42,160,0.2885030076041312,0.2885030076041312,29,0.6673600433733816,0.8896551724137931,0.7600710241251227,0.9891752351508923
15,8,5.0,leaf,10,42,250,0.4140279196458972,0.4140279196458972,9,0.5779952044011236,0.95,0.8755702216913221,0.9697577307551354
15,8,5.0,leaf,15,42,250,0.4140279196458972,0.4140279196458972,14,0.6040980455339533,0.9321428571428572,0.839328743762018,0.9817470295334697
15,8,5.0,leaf,20,42,250,0.4140279196458972,0.4140279196458972,19,0.5417957502858026,0.9078947368421053,0.7900631500788469,0.9861265702083787
15,8,5.0,leaf,25,42,250,0.4140279196458972,0.4140279196458972,24,0.5911582673233426,0.89375,0.7790676510114328,0.9889667976925464
15,8,5.0,leaf,30,42,250,0.4140279196458972,0.4140279196458972,29,0.5971130907417866,0.8862068965517241,0.7565564657956984,0.9909944708593873
15,8,5.0,eom,10,42,195,0.26319373510384747,0.26319373510384747,9,0.46643673391296325,0.95,0.8700306842260548,0.959020968319176
15,8,5.0,eom,15,42,195,0.26319373510384747,0.26319373510384747,14,0.506525929923327,0.9178571428571428,0.8290494745005074,0.9721856404952629
15,8,5.0,eom,20,42,195,0.26319373510384747,0.26319373510384747,19,0.5873418124626597,0.9105263157894737,0.8065421659060358,0.9797786012071402
15,8,5.0,eom,25,42,195,0.26319373510384747,0.26319373510384747,24,0.6416554220179411,0.8895833333333333,0.7837217432750637,0.9844936690798729
15,8,5.0,eom,30,42,195,0.26319373510384747,0.26319373510384747,29,0.6448998677982624,0.8775862068965518,0.7556846011304339,0.987985787038334
15,8,15.0,leaf,10,42,131,0.4274202701168993,0.4274202701168993,9,0.4793687188745797,0.9444444444444444,0.8736413145536251,0.9737194095323333
15,8,15.0,leaf,15,42,131,0.4274202701168993,0.4274202701168993,14,0.5603738103105812,0.9214285714285714,0.8228481294457054,0.9817302099563384
15,8,15.0,leaf,20,42,131,0.4274202701168993,0.4274202701168993,19,0.5527729072007799,0.9184210526315789,0.8073287668167843,0.9872973518253111
15,8,15.0,leaf,25,42,131,0.4274202701168993,0.4274202701168993,24,0.6039625823163391,0.9020833333333333,0.7716378213990941,0.9901483898003566
15,8,15.0,leaf,30,42,131,0.4274202701168993,0.4274202701168993,29,0.6575295905839511,0.8913793103448275,0.7450964180160324,0.9917976158604757
15,8,15.0,eom,10,42,107,0.29803654522755646,0.29803654522755646,9,0.4799790029326407,0.95,0.8844554957542236,0.9655176625009969
15,8,15.0,eom,15,42,107,0.29803654522755646,0.29803654522755646,14,0.47722760458806535,0.95,0.8513819094847742,0.9774590158147104
15,8,15.0,eom,20,42,107,0.29803654522755646,0.29803654522755646,19,0.5974306803069945,0.8973684210526316,0.7741591584585756,0.9838316904189263
15,8,15.0,eom,25,42,107,0.29803654522755646,0.29803654522755646,24,0.6291433730998297,0.8979166666666667,0.7647806250246827,0.987662531211793
15,8,15.0,eom,30,42,107,0.29803654522755646,0.29803654522755646,29,0.6020565889456116,0.8896551724137931,0.7389706235568587,0.9897452528254377
15,15,,leaf,10,42,118,0.4316195664510271,0.4316195664510271,9,0.5503879555790542,0.9555555555555556,0.8801907447271743,0.9729404667031561
15,15,,leaf,15,42,118,0.4316195664510271,0.4316195664510271,14,0.5260249430229835,0.9357142857142857,0.8443776323364764,0.9823997106652979
15,15,,leaf,20,42,118,0.4316195664510271,0.4316195664510271,19,0.5967418132701742,0.8947368421052632,0.7800184245727629,0.987472202188966
15,15,,leaf,25,42,118,0.4316195664510271,0.4316195664510271,24,0.6116071721262831,0.9,0.7715323616946108,0.9901731907288308
15,15,,leaf,30,42,118,0.4316195664510271,0.4316195664510271,29,0.6666032561239635,0.8931034482758621,0.7522506969325742,0.991876019843679
15,15,,eom,10,42,93,0.29213483146067415,0.29213483146067415,9,0.5656452561052243,0.9388888888888889,0.8886461290004158,0.963481366671493
15,15,,eom,15,42,93,0.29213483146067415,0.29213483146067415,14,0.5368654877888265,0.9357142857142857,0.8340533571703354,0.977230252378684
15,15,,eom,20,42,93,0.29213483146067415,0.29213483146067415,19,0.6059142254706851,0.9026315789473685,0.7770809811226176,0.9837331008400866
15,15,,eom,25,42,93,0.29213483146067415,0.29213483146067415,24,0.6270832735989718,0.9020833333333333,0.7661874615547294,0.9874207628779944
15,15,,eom,30,42,93,0.29213483146067415,0.29213483146067415,29,0.6133435668599946,0.896551724137931,0.7468625279349539,0.9895780525368267
15,15,5.0,leaf,10,42,141,0.36601974804221993,0.36601974804221993,9,0.6854427230253115,0.9388888888888889,0.8605094958317852,0.9645269050992928
15,15,5.0,leaf,15,42,141,0.36601974804221993,0.36601974804221993,14,0.651662236083954,0.9178571428571428,0.8350679624580992,0.9795612839600267
15,15,5.0,leaf,20,42,141,0.36601974804221993,0.36601974804221993,19,0.6090861789285112,0.9052631578947369,0.7879916258499483,0.9859265480052025
15,15,5.0,leaf,25,42,141,0.36601974804221993,0.36601974804221993,24,0.6195088556331809,0.9041666666666667,0.7701385288506085,0.9886781394629764
15,15,5.0,leaf,30,42,141,0.36601974804221993,0.36601974804221993,29,0.6216170803940971,0.8844827586206897,0.7304703467991661,0.9907295703460048
15,15,5.0,eom,10,42,116,0.25252525252525254,0.25252525252525254,9,0.51134238064625,0.9611111111111111,0.8830190616431112,0.9630185267757009
15,15,5.0,eom,15,42,116,0.25252525252525254,0.25252525252525254,14,0.5479738335627835,0.9357142857142857,0.8447624168688119,0.9756960973737775
15,15,5.0,eom,20,42,116,0.25252525252525254,0.25252525252525254,19,0.6318521940670307,0.9105263157894737,0.7867858040079817,0.9815914567163437
15,15,5.0,eom,25,42,116,0.25252525252525254,0.25252525252525254,24,0.6210317903371659,0.9,0.7600637008024154,0.9863475967604257
15,15,5.0,eom,30,42,116,0.25252525252525254,0.25252525252525254,29,0.6151796377782714,0.8844827586206897,0.7286709850174742,0.9884644978791961
15,15,15.0,leaf,10,42,118,0.4316195664510271,0.4316195664510271,9,0.5503879555790542,0.9555555555555556,0.8801907447271743,0.9729404667031561
15,15,15.0,leaf,15,42,118,0.4316195664510271,0.4316195664510271,14,0.5260249430229835,0.9357142857142857,0.8443776323364764,0.9823997106652979
15,15,15.0,leaf,20,42,118,0.4316195664510271,0.4316195664510271,19,0.5967418132701742,0.8947368421052632,0.7800184245727629,0.987472202188966
15,15,15.0,leaf,25,42,118,0.4316195664510271,0.4316195664510271,24,0.6116071721262831,0.9,0.7715323616946108,0.9901731907288308
15,15,15.0,leaf,30,42,118,0.4316195664510271,0.4316195664510271,29,0.6666032561239635,0.8931034482758621,0.7522506969325742,0.991876019843679
15,15,15.0,eom,10,42,93,0.29213483146067415,0.29213483146067415,9,0.5656452561052243,0.9388888888888889,0.8886461290004158,0.963481366671493
15,15,15.0,eom,15,42,93,0.29213483146067415,0.29213483146067415,14,0.5368654877888265,0.9357142857142857,0.8340533571703354,0.977230252378684
15,15,15.0,eom,20,42,93,0.29213483146067415,0.29213483146067415,19,0.6059142254706851,0.9026315789473685,0.7770809811226176,0.9837331008400866
15,15,15.0,eom,25,42,93,0.29213483146067415,0.29213483146067415,24,0.6270832735989718,0.9020833333333333,0.7661874615547294,0.9874207628779944
15,15,15.0,eom,30,42,93,0.29213483146067415,0.29213483146067415,29,0.6133435668599946,0.896551724137931,0.7468625279349539,0.9895780525368267
15,25,,leaf,10,42,72,0.3970037453183521,0.3970037453183521,9,0.668098453137246,0.95,0.8988890319859055,0.9703187271766957
15,25,,leaf,15,42,72,0.3970037453183521,0.3970037453183521,14,0.6405596833576269,0.9571428571428572,0.8880667599962634,0.9833006006899728
15,25,,leaf,20,42,72,0.3970037453183521,0.3970037453183521,19,0.6824361482144066,0.9105263157894737,0.8155098147847958,0.9874817575697132
15,25,,leaf,25,42,72,0.3970037453183521,0.3970037453183521,24,0.7055009416649868,0.90625,0.7841935848370314,0.9902018083105322
15,25,,leaf,30,42,72,0.3970037453183521,0.3970037453183521,29,0.6686931651149576,0.8793103448275862,0.7379592879451,0.9917391075488757
15,25,,eom,10,42,49,0.15628192032686414,0.15628192032686414,9,0.7396447975289295,0.9833333333333333,0.9197899123751717,0.9649677585428083
15,25,,eom,15,42,49,0.15628192032686414,0.15628192032686414,14,0.636082827480464,0.95,0.8531163119960816,0.9716183677860334
15,25,,eom,20,42,49,0.15628192032686414,0.15628192032686414,19,0.6893249171654575,0.9131578947368421,0.797571513768699,0.9794977721899191
15,25,,eom,25,42,49,0.15628192032686414,0.15628192032686414,24,0.6810589335597547,0.9125,0.7786200511294311,0.9842181488042115
15,25,,eom,30,42,49,0.15628192032686414,0.15628192032686414,29,0.6633325454780885,0.903448275862069,0.750364194390514,0.987004591293774
15,25,5.0,leaf,10,42,101,0.35069799114742933,0.35069799114742933,9,0.6617186178074396,0.9666666666666667,0.9085391428625252,0.9687312946341218
15,25,5.0,leaf,15,42,101,0.35069799114742933,0.35069799114742933,14,0.612334648221419,0.95,0.8565105306962303,0.9811759406487901
15,25,5.0,leaf,20,42,101,0.35069799114742933,0.35069799114742933,19,0.5797808566358235,0.9236842105263158,0.8056337790204836,0.9861273778134468
15,25,5.0,leaf,25,42,101,0.35069799114742933,0.35069799114742933,24,0.5810930927975516,0.8916666666666667,0.7525337358657064,0.9884716952375286
15,25,5.0,leaf,30,42,101,0.35069799114742933,0.35069799114742933,29,0.6137819718698752,0.8724137931034482,0.7203131879453627,0.9904751461813922
15,25,5.0,eom,10,42,82,0.24741800022698898,0.24741800022698898,9,0.675863303530897,0.9722222222222222,0.9132631050206435,0.9609667598691805
15,25,5.0,eom,15,42,82,0.24741800022698898,0.24741800022698898,14,0.6427143276641388,0.9392857142857143,0.8523195700309889,0.9781462586981501
15,25,5.0,eom,20,42,82,0.24741800022698898,0.24741800022698898,19,0.595365771785564,0.9289473684210526,0.8157147890364378,0.9836724755687108
15,25,5.0,eom,25,42,82,0.24741800022698898,0.24741800022698898,24,0.6305817233911064,0.8979166666666667,0.7656088769626598,0.9866357404353087
15,25,5.0,eom,30,42,82,0.24741800022698898,0.24741800022698898,29,0.6225414514133667,0.896551724137931,0.7387417104445736,0.9888674606128635
15,25,15.0,leaf,10,42,83,0.3905345590738849,0.3905345590738849,9,0.7077345951079712,0.95,0.88562546412123,0.9680004108588994
15,25,15.0,leaf,15,42,83,0.3905345590738849,0.3905345590738849,14,0.564378744131097,0.9607142857142857,0.8676836122270819,0.983377782312484
15,25,15.0,leaf,20,42,83,0.3905345590738849,0.3905345590738849,19,0.5646876640095244,0.9131578947368421,0.791514389198338,0.9869164050157736
15,25,15.0,leaf,25,42,83,0.3905345590738849,0.3905345590738849,24,0.6162576652741958,0.8958333333333334,0.7665220232978104,0.9895080922465177
15,25,15.0,leaf,30,42,83,0.3905345590738849,0.3905345590738849,29,0.6254226110341478,0.8844827586206897,0.7355851089616564,0.9913295486676335
15,25,15.0,eom,10,42,60,0.18681193962092837,0.18681193962092837,9,0.6357883188336918,0.9722222222222222,0.9126373956671165,0.9625491419464756
15,25,15.0,eom,15,42,60,0.18681193962092837,0.18681193962092837,14,0.6407871901560861,0.9607142857142857,0.8580907982457828,0.9723934004770728
15,25,15.0,eom,20,42,60,0.18681193962092837,0.18681193962092837,19,0.6296413443481016,0.9447368421052632,0.810085864823645,0.980216187835727
15,25,15.0,eom,25,42,60,0.18681193962092837,0.18681193962092837,24,0.624822678940193,0.9083333333333333,0.7707508814147319,0.9842826983870054
15,25,15.0,eom,30,42,60,0.18681193962092837,0.18681193962092837,29,0.6532139515770033,0.8931034482758621,0.7350049308142536,0.9871883892459858
15,30,,leaf,10,42,66,0.4157303370786517,0.4157303370786517,9,0.658812396591391,0.9555555555555556,0.9016171535535842,0.9710805229540269
15,30,,leaf,15,42,66,0.4157303370786517,0.4157303370786517,14,0.6109024503108443,0.9464285714285714,0.8740058391992319,0.9833664953482082
15,30,,leaf,20,42,66,0.4157303370786517,0.4157303370786517,19,0.6821855222170408,0.9368421052631579,0.8407021348977889,0.9876738522249757
15,30,,leaf,25,42,66,0.4157303370786517,0.4157303370786517,24,0.6957972056560436,0.9145833333333333,0.7983716967305862,0.9901833522682427
15,30,,leaf,30,42,66,0.4157303370786517,0.4157303370786517,29,0.6810550091027021,0.9017241379310345,0.7554412274917146,0.9916860575410168
15,30,,eom,10,42,47,0.18170468732266484,0.18170468732266484,9,0.6771743331725647,0.9666666666666667,0.9108529679565535,0.9571487532331306
15,30,,eom,15,42,47,0.18170468732266484,0.18170468732266484,14,0.677463867281797,0.9607142857142857,0.8754549156980683,0.9732990820491718
15,30,,eom,20,42,47,0.18170468732266484,0.18170468732266484,19,0.6816422901622881,0.9210526315789473,0.8030952095136005,0.9801693197503907
15,30,,eom,25,42,47,0.18170468732266484,0.18170468732266484,24,0.6609079385239708,0.9083333333333333,0.7741876893393718,0.9844618477672222
15,30,,eom,30,42,47,0.18170468732266484,0.18170468732266484,29,0.6269523156150095,0.896551724137931,0.7434706611764361,0.9875273668802433
15,30,5.0,leaf,10,42,86,0.3631823856542958,0.3631823856542958,9,0.7024913306085917,0.9611111111111111,0.9026209501309241,0.9702747725984628
15,30,5.0,leaf,15,42,86,0.3631823856542958,0.3631823856542958,14,0.6675170609604171,0.9571428571428572,0.8710009300859988,0.980796941342103
15,30,5.0,leaf,20,42,86,0.3631823856542958,0.3631823856542958,19,0.6029390893095044,0.9315789473684211,0.8196217354032765,0.9867479723743334
15,30,5.0,leaf,25,42,86,0.3631823856542958,0.3631823856542958,24,0.6471752689884328,0.89375,0.7578911999120503,0.9890632796819959
15,30,5.0,leaf,30,42,86,0.3631823856542958,0.3631823856542958,29,0.6211536072492965,0.8810344827586207,0.7221489591023558,0.9910623136058233
15,30,5.0,eom,10,42,57,0.1843150607195551,0.1843150607195551,9,0.6113979762434363,0.9777777777777777,0.9092838763302891,0.9579573406391789
15,30,5.0,eom,15,42,57,0.1843150607195551,0.1843150607195551,14,0.6851440891148898,0.9392857142857143,0.86557913227401,0.9712285101422102
15,30,5.0,eom,20,42,57,0.1843150607195551,0.1843150607195551,19,0.6363601147167693,0.9342105263157895,0.8147908913111233,0.981065974562593
15,30,5.0,eom,25,42,57,0.1843150607195551,0.1843150607195551,24,0.6332562033363202,0.9229166666666667,0.7805684787451356,0.9851360918023916
15,30,5.0,eom,30,42,57,0.1843150607195551,0.1843150607195551,29,0.6236576777914079,0.8913793103448275,0.7284499567653624,0.9873751808242791
15,30,15.0,leaf,10,42,73,0.372715923277721,0.372715923277721,9,0.7125677008442802,0.9388888888888889,0.874259800682992,0.9652137277537575
15,30,15.0,leaf,15,42,73,0.372715923277721,0.372715923277721,14,0.6431003072207397,0.9535714285714286,0.8735364469441074,0.9809446285413144
15,30,15.0,leaf,20,42,73,0.372715923277721,0.372715923277721,19,0.6030041291312096,0.9263157894736842,0.8263347488169359,0.987289053971435
15,30,15.0,leaf,25,42,73,0.372715923277721,0.372715923277721,24,0.6517873301040581,0.9,0.7713900501034576,0.9894122027968811
15,30,15.0,leaf,30,42,73,0.372715923277721,0.372715923277721,29,0.6645019160974031,0.8827586206896552,0.7318795949185212,0.9913129639023894
15,30,15.0,eom,10,42,49,0.1599137441834071,0.1599137441834071,9,0.740207965920206,0.9666666666666667,0.9035374928871547,0.9610047493228409
15,30,15.0,eom,15,42,49,0.1599137441834071,0.1599137441834071,14,0.7386299760210481,0.95,0.8682992775860321,0.9702755803704888
15,30,15.0,eom,20,42,49,0.1599137441834071,0.1599137441834071,19,0.718612214623611,0.9210526315789473,0.8016488605201288,0.9797978845937546
15,30,15.0,eom,25,42,49,0.1599137441834071,0.1599137441834071,24,0.7187488702543908,0.9020833333333333,0.7669396942905339,0.9840141000946176
15,30,15.0,eom,30,42,49,0.1599137441834071,0.1599137441834071,29,0.693642257902487,0.8879310344827587,0.7316126695699297,0.9871268806179978
15,35,,leaf,10,42,57,0.43116558846895925,0.43116558846895925,9,0.7114475660842939,0.9444444444444444,0.8762778556949681,0.9708789358988557
15,35,,leaf,15,42,57,0.43116558846895925,0.43116558846895925,14,0.6314882756120933,0.9428571428571428,0.8691025085922705,0.9844218989630542
15,35,,leaf,20,42,57,0.43116558846895925,0.43116558846895925,19,0.6136470199393189,0.9342105263157895,0.8325473178512194,0.9886884602006547
15,35,,leaf,25,42,57,0.43116558846895925,0.43116558846895925,24,0.6208260001622486,0.91875,0.7941200445945205,0.9906835837826652
15,35,,leaf,30,42,57,0.43116558846895925,0.43116558846895925,29,0.6528839134588196,0.9017241379310345,0.7565475340864263,0.9919795718814192
15,35,,eom,10,42,38,0.1647940074906367,0.1647940074906367,9,0.6984200664293596,0.9777777777777777,0.9233585128412203,0.9581536957322151
15,35,,eom,15,42,38,0.1647940074906367,0.1647940074906367,14,0.6726561130783847,0.9464285714285714,0.8590455980144082,0.9727493946893152
15,35,,eom,20,42,38,0.1647940074906367,0.1647940074906367,19,0.6527400494122041,0.9263157894736842,0.8064213594806618,0.979907487746112
15,35,,eom,25,42,38,0.1647940074906367,0.1647940074906367,24,0.6066628818634575,0.9208333333333333,0.7832575842934318,0.9852994531247443
15,35,,eom,30,42,38,0.1647940074906367,0.1647940074906367,29,0.6456797298187903,0.8879310344827587,0.7315898382495647,0.987948627798199
15,35,5.0,leaf,10,42,77,0.3710135058449665,0.3710135058449665,9,0.7200979857921264,0.9555555555555556,0.8879671227407946,0.9657742929115365
15,35,5.0,leaf,15,42,77,0.3710135058449665,0.3710135058449665,14,0.6200739496142453,0.9571428571428572,0.8774414156661244,0.9814972802811797
15,35,5.0,leaf,20,42,77,0.3710135058449665,0.3710135058449665,19,0.6215843329598103,0.9157894736842105,0.8006151173890476,0.9866314572092133
15,35,5.0,leaf,25,42,77,0.3710135058449665,0.3710135058449665,24,0.626667031349227,0.9145833333333333,0.783089713823481,0.9893285539051675
15,35,5.0,leaf,30,42,77,0.3710135058449665,0.3710135058449665,29,0.6318567978469353,0.8982758620689655,0.746152903876428,0.9912385942665382
15,35,5.0,eom,10,42,45,0.13698785608897968,0.13698785608897968,9,0.712201962128139,0.9555555555555556,0.8848146011010593,0.9481349540312591
15,35,5.0,eom,15,42,45,0.13698785608897968,0.13698785608897968,14,0.6536828207152224,0.9464285714285714,0.8619740078357279,0.9674166604117403
15,35,5.0,eom,20,42,45,0.13698785608897968,0.13698785608897968,19,0.6134416615130588,0.9263157894736842,0.8083200116050218,0.9796028880172709
15,35,5.0,eom,25,42,45,0.13698785608897968,0.13698785608897968,24,0.6111110503723731,0.9,0.7510911908611609,0.9842234957107557
15,35,5.0,eom,30,42,45,0.13698785608897968,0.13698785608897968,29,0.6332688601615163,0.8844827586206897,0.7088739099123479,0.9868056216628331
15,35,15.0,leaf,10,42,64,0.3760072636477131,0.3760072636477131,9,0.7114696373602429,0.9444444444444444,0.8784842726264557,0.9663083789560365
15,35,15.0,leaf,15,42,64,0.3760072636477131,0.3760072636477131,14,0.6330742998366654,0.9357142857142857,0.8636392213872585,0.9828843398362467
15,35,15.0,leaf,20,42,64,0.3760072636477131,0.3760072636477131,19,0.6087605265286959,0.9131578947368421,0.8027573523574051,0.9871032518894788
15,35,15.0,leaf,25,42,64,0.3760072636477131,0.3760072636477131,24,0.6384277109925535,0.9020833333333333,0.777029440478456,0.989604273007814
15,35,15.0,leaf,30,42,64,0.3760072636477131,0.3760072636477131,29,0.6459713154791558,0.8844827586206897,0.7392618896294268,0.9911548592251137
15,35,15.0,eom,10,42,45,0.1592327772103053,0.1592327772103053,9,0.7497841082792406,0.9666666666666667,0.8828917157679881,0.9479256726717813
15,35,15.0,eom,15,42,45,0.1592327772103053,0.1592327772103053,14,0.6542179808850068,0.925,0.8428771129556321,0.9688940583333256
15,35,15.0,eom,20,42,45,0.1592327772103053,0.1592327772103053,19,0.6468783360455711,0.9210526315789473,0.7983165448826648,0.9799264549770487
15,35,15.0,eom,25,42,45,0.1592327772103053,0.1592327772103053,24,0.6601565839078617,0.9104166666666667,0.7761249609487146,0.985215050830171
15,35,15.0,eom,30,42,45,0.1592327772103053,0.1592327772103053,29,0.6642963353761465,0.8931034482758621,0.7269747007831626,0.9873516109105807
15,40,,leaf,10,42,50,0.4505731472023607,0.4505731472023607,9,0.6648241008592588,0.9555555555555556,0.8895924279936855,0.9732617706234173
15,40,,leaf,15,42,50,0.4505731472023607,0.4505731472023607,14,0.6072862030371998,0.9464285714285714,0.8534626965843274,0.9837154454985599
15,40,,leaf,20,42,50,0.4505731472023607,0.4505731472023607,19,0.6552701933576826,0.9184210526315789,0.8028767952341291,0.9885166296767219
15,40,,leaf,25,42,50,0.4505731472023607,0.4505731472023607,24,0.5884415656499633,0.91875,0.7811421514139057,0.9910725134125217
15,40,,leaf,30,42,50,0.4505731472023607,0.4505731472023607,29,0.6312520007138988,0.906896551724138,0.7475838159603214,0.9923522782903638
15,40,,eom,10,42,30,0.13982521847690388,0.13982521847690388,9,0.6290580941495075,0.9722222222222222,0.899106330741554,0.9517892797311843
15,40,,eom,15,42,30,0.13982521847690388,0.13982521847690388,14,0.5978872894150394,0.9464285714285714,0.8538635960777171,0.9723349337190305
15,40,,eom,20,42,30,0.13982521847690388,0.13982521847690388,19,0.558694478220724,0.9394736842105263,0.8125933279111183,0.9798662566716255
15,40,,eom,25,42,30,0.13982521847690388,0.13982521847690388,24,0.6311152291050427,0.90625,0.7702402973890189,0.9845491951265221
15,40,,eom,30,42,30,0.13982521847690388,0.13982521847690388,30,0.626687061551197,0.8983333333333333,0.733170041166588,0.9878382884446897
15,40,5.0,leaf,10,42,65,0.37124049483600047,0.37124049483600047,9,0.6340730913564623,0.9555555555555556,0.8866535452770851,0.9668270205405913
15,40,5.0,leaf,15,42,65,0.37124049483600047,0.37124049483600047,14,0.6016674543274964,0.9357142857142857,0.8490705762011093,0.9818129273022295
15,40,5.0,leaf,20,42,65,0.37124049483600047,0.37124049483600047,19,0.6561740754388175,0.9078947368421053,0.805803761564886,0.9864103683903563
15,40,5.0,leaf,25,42,65,0.37124049483600047,0.37124049483600047,24,0.6036732828434347,0.9083333333333333,0.7696328600502439,0.9893531701518269
15,40,5.0,leaf,30,42,65,0.37124049483600047,0.37124049483600047,29,0.6154062754711125,0.8896551724137931,0.7312940720272908,0.9910760650898823
15,40,5.0,eom,10,42,40,0.11519691294972194,0.11519691294972194,9,0.6851476815237998,0.9611111111111111,0.8950984488311313,0.9455000791924779
15,40,5.0,eom,15,42,40,0.11519691294972194,0.11519691294972194,14,0.6656410530864153,0.9428571428571428,0.8547200426426614,0.9681174783059424
15,40,5.0,eom,20,42,40,0.11519691294972194,0.11519691294972194,19,0.6110801685369368,0.9236842105263158,0.7999211421162339,0.979693221297063
15,40,5.0,eom,25,42,40,0.11519691294972194,0.11519691294972194,24,0.6232770720127297,0.89375,0.7354907694397514,0.9837606255819252
15,40,5.0,eom,30,42,40,0.11519691294972194,0.11519691294972194,29,0.6295174122134498,0.8637931034482759,0.6876246363228232,0.9862097894584692
15,40,15.0,leaf,10,42,61,0.3556917489501759,0.3556917489501759,9,0.6513996107393863,0.95,0.8857747713977244,0.9679896792390843
15,40,15.0,leaf,15,42,61,0.3556917489501759,0.3556917489501759,14,0.5614160996095878,0.95,0.8755112864789797,0.9829009600476627
15,40,15.0,leaf,20,42,61,0.3556917489501759,0.3556917489501759,19,0.5865537883646826,0.9184210526315789,0.8000848064903094,0.9865847458395053
15,40,15.0,leaf,25,42,61,0.3556917489501759,0.3556917489501759,24,0.6175365544367991,0.9083333333333333,0.7739689494763596,0.9895538876133614
15,40,15.0,leaf,30,42,61,0.3556917489501759,0.3556917489501759,29,0.633388692982191,0.8913793103448275,0.7366632222366056,0.9911978040865063
15,40,15.0,eom,10,42,44,0.16331857904891614,0.16331857904891614,9,0.7272599555424306,0.9666666666666667,0.8837776493339001,0.9478386796876391
15,40,15.0,eom,15,42,44,0.16331857904891614,0.16331857904891614,14,0.6137527755458313,0.9178571428571428,0.8258364279870521,0.9728579512348856
15,40,15.0,eom,20,42,44,0.16331857904891614,0.16331857904891614,19,0.6560280819865923,0.9078947368421053,0.7765211454404127,0.979877811452257
15,40,15.0,eom,25,42,44,0.16331857904891614,0.16331857904891614,24,0.6434544975741237,0.9104166666666667,0.7715060081878883,0.9852299104183403
15,40,15.0,eom,30,42,44,0.16331857904891614,0.16331857904891614,29,0.6594123833748252,0.8913793103448275,0.7217933539467758,0.9874421578933554
20,8,,leaf,10,42,192,0.4641924866643968,0.4641924866643968,9,0.5451943450667176,0.95,0.8832637533097762,0.9720260727513543
20,8,,leaf,15,42,192,0.4641924866643968,0.4641924866643968,14,0.5853177446730636,0.9464285714285714,0.857414918495106,0.9838078525043047
20,8,,leaf,20,42,192,0.4641924866643968,0.4641924866643968,19,0.6260255861426994,0.9394736842105263,0.8390382864876678,0.9876610434677949
20,8,,leaf,25,42,192,0.4641924866643968,0.4641924866643968,24,0.6538342752439927,0.9208333333333333,0.8173708825276199,0.990400949505475
20,8,,leaf,30,42,192,0.4641924866643968,0.4641924866643968,29,0.6530230710789022,0.9137931034482759,0.7956334350386943,0.9922751440714364
20,8,,eom,10,42,144,0.26739303143797527,0.26739303143797527,9,0.5345758122688412,0.9611111111111111,0.9000268453564377,0.9614153932527638
20,8,,eom,15,42,144,0.26739303143797527,0.26739303143797527,14,0.6172070047323809,0.925,0.8620069789021019,0.9757203093340683
20,8,,eom,20,42,144,0.26739303143797527,0.26739303143797527,19,0.6254602418219811,0.9315789473684211,0.8270262169945177,0.9818100368024364
20,8,,eom,25,42,144,0.26739303143797527,0.26739303143797527,24,0.6011474517113061,0.9083333333333333,0.7846337222406707,0.985692711797903
20,8,,eom,30,42,144,0.26739303143797527,0.26739303143797527,29,0.6274952655910437,0.896551724137931,0.7615670539614463,0.9885331538746767
20,8,5.0,leaf,10,42,239,0.45976620133923507,0.45976620133923507,9,0.5450012410175509,0.9722222222222222,0.9093160227624756,0.9707534274505993
20,8,5.0,leaf,15,42,239,0.45976620133923507,0.45976620133923507,14,0.566881439927929,0.9178571428571428,0.8271920105965364,0.9819411591237251
20,8,5.0,leaf,20,42,239,0.45976620133923507,0.45976620133923507,19,0.602572772349309,0.9184210526315789,0.806875449928321,0.9868743139869788
20,8,5.0,leaf,25,42,239,0.45976620133923507,0.45976620133923507,24,0.5817534520192832,0.9208333333333333,0.7988157752543584,0.9897968752883194
20,8,5.0,leaf,30,42,239,0.45976620133923507,0.45976620133923507,29,0.5989079001389472,0.9017241379310345,0.7725861079052269,0.9918747499755238
20,8,5.0,eom,10,42,174,0.26262626262626265,0.26262626262626265,9,0.5505989654999007,0.9722222222222222,0.9028448375530337,0.966634161470577
20,8,5.0,eom,15,42,174,0.26262626262626265,0.26262626262626265,14,0.6234990879520043,0.9571428571428572,0.8839944715194196,0.9786785658557813
20,8,5.0,eom,20,42,174,0.26262626262626265,0.26262626262626265,19,0.5535441531341094,0.9394736842105263,0.8305839638592853,0.983681322123925
20,8,5.0,eom,25,42,174,0.26262626262626265,0.26262626262626265,24,0.5916197348514838,0.9125,0.7873841981689881,0.9852837113601991
20,8,5.0,eom,30,42,174,0.26262626262626265,0.26262626262626265,29,0.5994130524249761,0.8931034482758621,0.7594924158492558,0.9885119147461504
20,8,15.0,leaf,10,42,129,0.5144705481784133,0.5144705481784133,9,0.622652301969085,0.95,0.8833061447356543,0.9738567369862243
20,8,15.0,leaf,15,42,129,0.5144705481784133,0.5144705481784133,14,0.5582770944204544,0.9428571428571428,0.848693918374315,0.9846365856737892
20,8,15.0,leaf,20,42,129,0.5144705481784133,0.5144705481784133,19,0.5501786148202354,0.9184210526315789,0.796708308136877,0.9889162284644785
20,8,15.0,leaf,25,42,129,0.5144705481784133,0.5144705481784133,24,0.543948865882883,0.9041666666666667,0.769402431467959,0.9914344134618767
20,8,15.0,leaf,30,42,129,0.5144705481784133,0.5144705481784133,29,0.589219046849771,0.896551724137931,0.7546517166993859,0.992930074245779
20,8,15.0,eom,10,42,99,0.29270230393825897,0.29270230393825897,9,0.4240905066552206,0.9777777777777777,0.9080660623332055,0.9692968313868491
20,8,15.0,eom,15,42,99,0.29270230393825897,0.29270230393825897,14,0.48297264601597983,0.9357142857142857,0.8423436289386093,0.9776608666012316
20,8,15.0,eom,20,42,99,0.29270230393825897,0.29270230393825897,19,0.5104090642757757,0.9,0.7764698873302543,0.9839496475151029
20,8,15.0,eom,25,42,99,0.29270230393825897,0.29270230393825897,24,0.5814386479179229,0.9,0.7594671964667082,0.9873684645098523
20,8,15.0,eom,30,42,99,0.29270230393825897,0.29270230393825897,29,0.584361083709333,0.8827586206896552,0.7338674014258824,0.9894745593657501
20,15,,leaf,10,42,105,0.41436840313244805,0.41436840313244805,9,0.609839784552258,0.9722222222222222,0.9117093874470729,0.9710839641009659
20,15,,leaf,15,42,105,0.41436840313244805,0.41436840313244805,14,0.5327016611824387,0.9464285714285714,0.8508774716934618,0.9820120987179246
20,15,,leaf,20,42,105,0.41436840313244805,0.41436840313244805,19,0.5453410304848019,0.9236842105263158,0.802817123606188,0.987524471820296
20,15,,leaf,25,42,105,0.41436840313244805,0.41436840313244805,24,0.5818514680141224,0.8958333333333334,0.7559728347791634,0.9899385134214573
20,15,,leaf,30,42,105,0.41436840313244805,0.41436840313244805,29,0.6066377212977299,0.8982758620689655,0.7538729753559417,0.9917250744672068
20,15,,eom,10,42,88,0.28941096356826695,0.28941096356826695,9,0.5628457607263441,0.9666666666666667,0.8966028372589199,0.9623828647897875
20,15,,eom,15,42,88,0.28941096356826695,0.28941096356826695,14,0.5226795904976672,0.9535714285714286,0.8692366860417328,0.9780069287463108
20,15,,eom,20,42,88,0.28941096356826695,0.28941096356826695,19,0.5435922066268439,0.9210526315789473,0.7986985854011254,0.9842450661716967
20,15,,eom,25,42,88,0.28941096356826695,0.28941096356826695,24,0.6044718594061167,0.90625,0.7705783868980666,0.9874352183891396
20,15,,eom,30,42,88,0.28941096356826695,0.28941096356826695,29,0.5977667101164813,0.8982758620689655,0.7521611978850808,0.9894194305334496
20,15,5.0,leaf,10,42,138,0.42503688571104303,0.42503688571104303,9,0.5832682987460014,0.9722222222222222,0.9052921507555161,0.9713490322998334
20,15,5.0,leaf,15,42,138,0.42503688571104303,0.42503688571104303,14,0.5978554463347721,0.9464285714285714,0.8522060342260981,0.9814788174812774
20,15,5.0,leaf,20,42,138,0.42503688571104303,0.42503688571104303,19,0.5735693350570649,0.9184210526315789,0.8079404538279679,0.986690500846398
20,15,5.0,leaf,25,42,138,0.42503688571104303,0.42503688571104303,24,0.5884828860795186,0.9145833333333333,0.7960654386836697,0.9899791649986626
20,15,5.0,leaf,30,42,138,0.42503688571104303,0.42503688571104303,29,0.5778370103409965,0.9051724137931034,0.7595039982270596,0.9913829434822966
20,15,5.0,eom,10,42,107,0.2574055158324821,0.2574055158324821,9,0.5044873928332565,0.9555555555555556,0.8983729825465063,0.9625630367662755
20,15,5.0,eom,15,42,107,0.2574055158324821,0.2574055158324821,14,0.5380572630621564,0.9321428571428572,0.8423062436982878,0.9767218382778927
20,15,5.0,eom,20,42,107,0.2574055158324821,0.2574055158324821,19,0.5715803233800802,0.9052631578947369,0.7957321891310368,0.9834082682708558
20,15,5.0,eom,25,42,107,0.2574055158324821,0.2574055158324821,24,0.5925595497222887,0.90625,0.768774795707448,0.9868102984340892
20,15,5.0,eom,30,42,107,0.2574055158324821,0.2574055158324821,29,0.6157039209955584,0.9051724137931034,0.7488023424039073,0.9888770927015368
20,15,15.0,leaf,10,42,105,0.41436840313244805,0.41436840313244805,9,0.609839784552258,0.9722222222222222,0.9117093874470729,0.9710839641009659
20,15,15.0,leaf,15,42,105,0.41436840313244805,0.41436840313244805,14,0.5327016611824387,0.9464285714285714,0.8508774716934618,0.9820120987179246
20,15,15.0,leaf,20,42,105,0.41436840313244805,0.41436840313244805,19,0.5453410304848019,0.9236842105263158,0.802817123606188,0.987524471820296
20,15,15.0,leaf,25,42,105,0.41436840313244805,0.41436840313244805,24,0.5818514680141224,0.8958333333333334,0.7559728347791634,0.9899385134214573
20,15,15.0,leaf,30,42,105,0.41436840313244805,0.41436840313244805,29,0.6066377212977299,0.8982758620689655,0.7538729753559417,0.9917250744672068
20,15,15.0,eom,10,42,88,0.28941096356826695,0.28941096356826695,9,0.5628457607263441,0.9666666666666667,0.8966028372589199,0.9623828647897875
20,15,15.0,eom,15,42,88,0.28941096356826695,0.28941096356826695,14,0.5226795904976672,0.9535714285714286,0.8692366860417328,0.9780069287463108
20,15,15.0,eom,20,42,88,0.28941096356826695,0.28941096356826695,19,0.5435922066268439,0.9210526315789473,0.7986985854011254,0.9842450661716967
20,15,15.0,eom,25,42,88,0.28941096356826695,0.28941096356826695,24,0.6044718594061167,0.90625,0.7705783868980666,0.9874352183891396
20,15,15.0,eom,30,42,88,0.28941096356826695,0.28941096356826695,29,0.5977667101164813,0.8982758620689655,0.7521611978850808,0.9894194305334496
20,25,,leaf,10,42,70,0.41141754624900695,0.41141754624900695,9,0.6576996943836344,0.9611111111111111,0.9073663883487834,0.9721323162291036
20,25,,leaf,15,42,70,0.41141754624900695,0.41141754624900695,14,0.6848125874335448,0.9464285714285714,0.8715151496762378,0.9833222969569503
20,25,,leaf,20,42,70,0.41141754624900695,0.41141754624900695,19,0.5891560656149779,0.9,0.798438725394281,0.9879711900760403
20,25,,leaf,25,42,70,0.41141754624900695,0.41141754624900695,24,0.6351301556638781,0.9020833333333333,0.7723648928807979,0.9902928872199901
20,25,,leaf,30,42,70,0.41141754624900695,0.41141754624900695,29,0.6282969332609434,0.8896551724137931,0.7366178258668719,0.9920361713088044
20,25,,eom,10,42,58,0.25082283509249803,0.25082283509249803,9,0.647435402274771,0.9555555555555556,0.9015899440084912,0.9596333830755738
20,25,,eom,15,42,58,0.25082283509249803,0.25082283509249803,14,0.6342921658750375,0.9571428571428572,0.8772775633747166,0.9771380390349023
20,25,,eom,20,42,58,0.25082283509249803,0.25082283509249803,19,0.6574315825409948,0.9263157894736842,0.8185845619269718,0.9832672231085972
20,25,,eom,25,42,58,0.25082283509249803,0.25082283509249803,24,0.6303022859370028,0.9041666666666667,0.7812154381569393,0.9871428118506659
20,25,,eom,30,42,58,0.25082283509249803,0.25082283509249803,29,0.6587648840665212,0.9,0.7543038314532279,0.9890327665304695
20,25,5.0,leaf,10,42,93,0.3844058563159687,0.3844058563159687,9,0.6325503412972985,0.9555555555555556,0.8992020153409305,0.9705816445476901
20,25,5.0,leaf,15,42,93,0.3844058563159687,0.3844058563159687,14,0.557218990937143,0.9428571428571428,0.8627683968379325,0.9815463401734733
20,25,5.0,leaf,20,42,93,0.3844058563159687,0.3844058563159687,19,0.5246452566549955,0.9131578947368421,0.8043413694313287,0.9872817014695903
20,25,5.0,leaf,25,42,93,0.3844058563159687,0.3844058563159687,24,0.5703336014378027,0.9125,0.7736656509730729,0.9893448533596548
20,25,5.0,leaf,30,42,93,0.3844058563159687,0.3844058563159687,29,0.5927375370213048,0.8931034482758621,0.7307854481338347,0.991040866367785
20,25,5.0,eom,10,42,75,0.23992736352286914,0.23992736352286914,9,0.6815991371763377,0.9555555555555556,0.899602437453127,0.9608457993732943
20,25,5.0,eom,15,42,75,0.23992736352286914,0.23992736352286914,14,0.6256712301002717,0.9535714285714286,0.8650733379494061,0.9760623282445328
20,25,5.0,eom,20,42,75,0.23992736352286914,0.23992736352286914,19,0.6081845373492185,0.9236842105263158,0.8161437208908456,0.9833682435148162
20,25,5.0,eom,25,42,75,0.23992736352286914,0.23992736352286914,24,0.6315583186109482,0.9083333333333333,0.7770509963140063,0.9866024671415081
20,25,5.0,eom,30,42,75,0.23992736352286914,0.23992736352286914,29,0.624423100300632,0.9051724137931034,0.7433259968487931,0.9889105547344814
20,25,15.0,leaf,10,42,80,0.3960957893542163,0.3960957893542163,9,0.6691592611701873,0.9555555555555556,0.9048528200196121,0.9718699773846792
20,25,15.0,leaf,15,42,80,0.3960957893542163,0.3960957893542163,14,0.594146211361224,0.9464285714285714,0.8618421405619071,0.9831139439098754
20,25,15.0,leaf,20,42,80,0.3960957893542163,0.3960957893542163,19,0.5457302088553305,0.9210526315789473,0.8070228382464621,0.9875965187422224
20,25,15.0,leaf,25,42,80,0.3960957893542163,0.3960957893542163,24,0.6026202755963753,0.9104166666666667,0.7792929372030978,0.9900480491690672
20,25,15.0,leaf,30,42,80,0.3960957893542163,0.3960957893542163,29,0.6095842306410242,0.9120689655172414,0.7610096501654972,0.9918009258379056
20,25,15.0,eom,10,42,64,0.22948586993530815,0.22948586993530815,9,0.644068056898664,0.9555555555555556,0.9021090480728685,0.9607113713574632
20,25,15.0,eom,15,42,64,0.22948586993530815,0.22948586993530815,14,0.6001656302046838,0.9464285714285714,0.8545411659507325,0.9774911653367173
20,25,15.0,eom,20,42,64,0.22948586993530815,0.22948586993530815,19,0.6242469834104187,0.9157894736842105,0.8124777243668826,0.9826257525577848
20,25,15.0,eom,25,42,64,0.22948586993530815,0.22948586993530815,24,0.6497187648397564,0.90625,0.7737560389096676,0.9864224560293785
20,25,15.0,eom,30,42,64,0.22948586993530815,0.22948586993530815,29,0.6281937266176548,0.8879310344827587,0.7327428464704213,0.9888386714748247
20,30,,leaf,10,42,63,0.4149358756100329,0.4149358756100329,9,0.6738205726482938,0.95,0.9021708166789411,0.9716379125593834
20,30,,leaf,15,42,63,0.4149358756100329,0.4149358756100329,14,0.633014034754723,0.9392857142857143,0.8712720442730835,0.9834584558632431
20,30,,leaf,20,42,63,0.4149358756100329,0.4149358756100329,19,0.6047980966266636,0.9131578947368421,0.8021058212441803,0.9878381774574148
20,30,,leaf,25,42,63,0.4149358756100329,0.4149358756100329,24,0.6489786803826414,0.9166666666666666,0.7858677605530717,0.9902812248590883
20,30,,leaf,30,42,63,0.4149358756100329,0.4149358756100329,29,0.6662979529588384,0.9103448275862069,0.7588370636036822,0.9921576496610556
20,30,,eom,10,42,44,0.17761888548405402,0.17761888548405402,9,0.7040926894441785,0.9888888888888889,0.9351495335014436,0.9586185798789751
20,30,,eom,15,42,44,0.17761888548405402,0.17761888548405402,14,0.612500365365746,0.95,0.8594430116756441,0.9731089549483064
20,30,,eom,20,42,44,0.17761888548405402,0.17761888548405402,19,0.6051293912670143,0.9210526315789473,0.8028135177769705,0.9807398898444167
20,30,,eom,25,42,44,0.17761888548405402,0.17761888548405402,24,0.6036673460215984,0.9166666666666666,0.7750928115951371,0.9846637631298284
20,30,,eom,30,42,44,0.17761888548405402,0.17761888548405402,29,0.6071951462403395,0.8896551724137931,0.7321323166385231,0.9878620561571422
20,30,5.0,leaf,10,42,77,0.35694018840086256,0.35694018840086256,9,0.6677020550709456,0.9555555555555556,0.9011418940959568,0.9707403570968831
20,30,5.0,leaf,15,42,77,0.35694018840086256,0.35694018840086256,14,0.6584135274446542,0.9535714285714286,0.8671414719713074,0.9820286311172125
20,30,5.0,leaf,20,42,77,0.35694018840086256,0.35694018840086256,19,0.6328563181359368,0.9184210526315789,0.8140369526302639,0.9870703734952883
20,30,5.0,leaf,25,42,77,0.35694018840086256,0.35694018840086256,24,0.6308981828831236,0.9166666666666666,0.782029310359856,0.9892855159050032
20,30,5.0,leaf,30,42,77,0.35694018840086256,0.35694018840086256,29,0.6278427828771826,0.8827586206896552,0.7219746297347677,0.9910557224050178
20,30,5.0,eom,10,42,65,0.24015435251390307,0.24015435251390307,9,0.7036762187057802,0.9555555555555556,0.9025168708782024,0.9627701512589321
20,30,5.0,eom,15,42,65,0.24015435251390307,0.24015435251390307,14,0.6126314016567107,0.95,0.8572233779364044,0.9777939192443558
20,30,5.0,eom,20,42,65,0.24015435251390307,0.24015435251390307,19,0.6807838919176563,0.9184210526315789,0.7971809806418765,0.98270026473524
20,30,5.0,eom,25,42,65,0.24015435251390307,0.24015435251390307,24,0.6425294667137686,0.93125,0.7875647757810521,0.9869265301106301
20,30,5.0,eom,30,42,65,0.24015435251390307,0.24015435251390307,29,0.6593576595152616,0.9120689655172414,0.7495202860513314,0.9890852300141371
20,30,15.0,leaf,10,42,70,0.390194075587334,0.390194075587334,9,0.6755772866426013,0.9611111111111111,0.9085478062209079,0.9722911763058506
20,30,15.0,leaf,15,42,70,0.390194075587334,0.390194075587334,14,0.6952686260598101,0.9535714285714286,0.8716202530241206,0.982752857388392
20,30,15.0,leaf,20,42,70,0.390194075587334,0.390194075587334,19,0.634968450149338,0.9078947368421053,0.8101043111327432,0.9870335020566068
20,30,15.0,leaf,25,42,70,0.390194075587334,0.390194075587334,24,0.6339241409152101,0.9125,0.7731113447271776,0.9900540731456228
20,30,15.0,leaf,30,42,70,0.390194075587334,0.390194075587334,29,0.6210809889177485,0.8844827586206897,0.7345824844293972,0.9914903651221937
20,30,15.0,eom,10,42,54,0.20667347633639768,0.20667347633639768,9,0.6717678699439517,0.9555555555555556,0.8990681507204923,0.9559869873700679
20,30,15.0,eom,15,42,54,0.20667347633639768,0.20667347633639768,14,0.6626728436007278,0.9392857142857143,0.8526363860681129,0.9726308974256144
20,30,15.0,eom,20,42,54,0.20667347633639768,0.20667347633639768,19,0.635517642279669,0.9052631578947369,0.794415521653849,0.9821013765283108
20,30,15.0,eom,25,42,54,0.20667347633639768,0.20667347633639768,24,0.6161086122865719,0.8979166666666667,0.7624911734849119,0.9855910893343314
20,30,15.0,eom,30,42,54,0.20667347633639768,0.20667347633639768,29,0.6191155088886988,0.8896551724137931,0.7361781496294527,0.9884117774748538
20,35,,leaf,10,42,55,0.43093859947792534,0.43093859947792534,9,0.6758023362198676,0.9722222222222222,0.9006040730849784,0.9709082632383476
20,35,,leaf,15,42,55,0.43093859947792534,0.43093859947792534,14,0.6230398883005013,0.9321428571428572,0.8651047593303381,0.9843650142882477
20,35,,leaf,20,42,55,0.43093859947792534,0.43093859947792534,19,0.6376959769320285,0.9131578947368421,0.8087092940750678,0.9881660862681949
20,35,,leaf,25,42,55,0.43093859947792534,0.43093859947792534,24,0.5969184879954058,0.9041666666666667,0.7771277365152529,0.9905491090570457
20,35,,leaf,30,42,55,0.43093859947792534,0.43093859947792534,29,0.6359265673666683,0.8948275862068965,0.7477137072375627,0.9921329448171111
20,35,,eom,10,42,38,0.19350811485642946,0.19350811485642946,9,0.7127112214036035,0.9888888888888889,0.9332548729574159,0.9592484018994385
20,35,,eom,15,42,38,0.19350811485642946,0.19350811485642946,14,0.5699712391335282,0.9392857142857143,0.8558408709946895,0.9733740540586812
20,35,,eom,20,42,38,0.19350811485642946,0.19350811485642946,19,0.5832609407047444,0.9184210526315789,0.8018635022987404,0.9807784619787591
20,35,,eom,25,42,38,0.19350811485642946,0.19350811485642946,24,0.6068630403193741,0.91875,0.7837526068459594,0.9861427499734345
20,35,,eom,30,42,38,0.19350811485642946,0.19350811485642946,29,0.6385927939633537,0.8913793103448275,0.7306261782756461,0.9882807454360164
20,35,5.0,leaf,10,42,65,0.35841561684258316,0.35841561684258316,9,0.6892802298862768,0.9555555555555556,0.8786914769694503,0.9666595910239939
20,35,5.0,leaf,15,42,65,0.35841561684258316,0.35841561684258316,14,0.5931337903122177,0.9571428571428572,0.8628828265268366,0.9811854827571251
20,35,5.0,leaf,20,42,65,0.35841561684258316,0.35841561684258316,19,0.64783509522218,0.9421052631578948,0.8359886644596642,0.9871759055868236
20,35,5.0,leaf,25,42,65,0.35841561684258316,0.35841561684258316,24,0.6468225893361236,0.9145833333333333,0.7838517392558305,0.9897054222997902
20,35,5.0,leaf,30,42,65,0.35841561684258316,0.35841561684258316,29,0.6542210230573309,0.8827586206896552,0.7294117938954433,0.9911089920091289
20,35,5.0,eom,10,42,44,0.13891726251276812,0.13891726251276812,9,0.7304763925368991,0.9611111111111111,0.891772451731629,0.9483323869846926
20,35,5.0,eom,15,42,44,0.13891726251276812,0.13891726251276812,14,0.6923094699225486,0.9178571428571428,0.838488527564886,0.9686087893370878
20,35,5.0,eom,20,42,44,0.13891726251276812,0.13891726251276812,19,0.6308534627388303,0.9368421052631579,0.8005135684521448,0.979306168587689
20,35,5.0,eom,25,42,44,0.13891726251276812,0.13891726251276812,24,0.6498965298053356,0.9166666666666666,0.7725403373784431,0.984436929234767
20,35,5.0,eom,30,42,44,0.13891726251276812,0.13891726251276812,29,0.6519434899425796,0.8775862068965518,0.7146650333262321,0.9869010888934541
20,35,15.0,leaf,10,42,64,0.397230734309386,0.397230734309386,9,0.718487738924411,0.9555555555555556,0.8866053596983284,0.9669140905009281
20,35,15.0,leaf,15,42,64,0.397230734309386,0.397230734309386,14,0.6172692581514632,0.9392857142857143,0.8534989291947257,0.9824429227682471
20,35,15.0,leaf,20,42,64,0.397230734309386,0.397230734309386,19,0.5650226322276832,0.9105263157894737,0.8015819754705821,0.9866710889810563
20,35,15.0,leaf,25,42,64,0.397230734309386,0.397230734309386,24,0.6282019354702074,0.9208333333333333,0.7860409423038192,0.9898569018020945
20,35,15.0,leaf,30,42,64,0.397230734309386,0.397230734309386,29,0.6314896609177197,0.8793103448275862,0.731163891307321,0.9913905483359238
20,35,15.0,eom,10,42,44,0.15378504142549088,0.15378504142549088,9,0.6565517620516617,0.9722222222222222,0.9100858677987473,0.9549287308913986
20,35,15.0,eom,15,42,44,0.15378504142549088,0.15378504142549088,14,0.5961532743202513,0.9321428571428572,0.8472801236234027,0.9735728668860828
20,35,15.0,eom,20,42,44,0.15378504142549088,0.15378504142549088,19,0.5852091421503229,0.9184210526315789,0.7987712806140151,0.9801695658825035
20,35,15.0,eom,25,42,44,0.15378504142549088,0.15378504142549088,24,0.6040612130286437,0.9104166666666667,0.7695454310212452,0.9840764133121533
20,35,15.0,eom,30,42,44,0.15378504142549088,0.15378504142549088,29,0.6016447749253353,0.8827586206896552,0.7170761712406725,0.9871455657585606
20,40,,leaf,10,42,52,0.453070026103734,0.453070026103734,9,0.6511230675312697,0.9555555555555556,0.8848029212875959,0.9719191947877296
20,40,,leaf,15,42,52,0.453070026103734,0.453070026103734,14,0.6182658681069922,0.9464285714285714,0.8700678232157116,0.9849422567030921
20,40,,leaf,20,42,52,0.453070026103734,0.453070026103734,19,0.6511952243730135,0.9210526315789473,0.8106146968946163,0.9887931237259228
20,40,,leaf,25,42,52,0.453070026103734,0.453070026103734,24,0.5811093299080149,0.9229166666666667,0.7912612306748183,0.99117872741191
20,40,,leaf,30,42,52,0.453070026103734,0.453070026103734,29,0.6345338609064777,0.9051724137931034,0.751456325647151,0.9924416549399462
20,40,,eom,10,42,35,0.19782090568607422,0.19782090568607422,9,0.744045905891608,0.9388888888888889,0.873227460550056,0.9536486935406473
20,40,,eom,15,42,35,0.19782090568607422,0.19782090568607422,14,0.5904881108707475,0.9285714285714286,0.8474062789752193,0.97525397844273
20,40,,eom,20,42,35,0.19782090568607422,0.19782090568607422,19,0.5966422219366925,0.9368421052631579,0.8071562601901069,0.9815044454139815
20,40,,eom,25,42,35,0.19782090568607422,0.19782090568607422,24,0.5789744075266666,0.9020833333333333,0.7614111604723947,0.9859889914150813
20,40,,eom,30,42,35,0.19782090568607422,0.19782090568607422,29,0.6278814685443045,0.8862068965517241,0.7252371884040764,0.9880813619414043
20,40,5.0,leaf,10,42,62,0.3477471342639882,0.3477471342639882,9,0.66801762582255,0.9611111111111111,0.8889719786820245,0.9674850309232491
20,40,5.0,leaf,15,42,62,0.3477471342639882,0.3477471342639882,14,0.5538317581106307,0.9392857142857143,0.8500085179289911,0.9819353120076457
20,40,5.0,leaf,20,42,62,0.3477471342639882,0.3477471342639882,19,0.6461346553345532,0.9289473684210526,0.8183024950502387,0.9867322867993767
20,40,5.0,leaf,25,42,62,0.3477471342639882,0.3477471342639882,24,0.6475813782252149,0.9145833333333333,0.7773197704068552,0.9894578256701334
20,40,5.0,leaf,30,42,62,0.3477471342639882,0.3477471342639882,29,0.6500178742875323,0.8844827586206897,0.7247503934429674,0.9908851795158932
20,40,5.0,eom,10,42,43,0.14300306435137897,0.14300306435137897,9,0.7033776607616052,0.9555555555555556,0.884694613949413,0.9484426815754793
20,40,5.0,eom,15,42,43,0.14300306435137897,0.14300306435137897,14,0.6563150874812779,0.9321428571428572,0.8424213399802725,0.9693117247210277
20,40,5.0,eom,20,42,43,0.14300306435137897,0.14300306435137897,19,0.595041464122598,0.9157894736842105,0.779969928034339,0.9799909408396379
20,40,5.0,eom,25,42,43,0.14300306435137897,0.14300306435137897,24,0.6493298754643555,0.9083333333333333,0.7571206158701091,0.9844096874838488
20,40,5.0,eom,30,42,43,0.14300306435137897,0.14300306435137897,29,0.6525369085133282,0.8741379310344828,0.7069053902252631,0.9869099747347576
20,40,15.0,leaf,10,42,61,0.38372488934286686,0.38372488934286686,9,0.6629679161095585,0.9722222222222222,0.901053272696443,0.967789189468512
20,40,15.0,leaf,15,42,61,0.38372488934286686,0.38372488934286686,14,0.5987176746082744,0.9285714285714286,0.8408345416038168,0.9817289000278278
20,40,15.0,leaf,20,42,61,0.38372488934286686,0.38372488934286686,19,0.5801425372971003,0.9157894736842105,0.7953054194934772,0.9867659145331222
20,40,15.0,leaf,25,42,61,0.38372488934286686,0.38372488934286686,24,0.6160071445350871,0.9125,0.7748151932053974,0.9896904311996518
20,40,15.0,leaf,30,42,61,0.38372488934286686,0.38372488934286686,29,0.6530867324586832,0.8931034482758621,0.740970410259085,0.9914163091061049
20,40,15.0,eom,10,42,35,0.11894223130178186,0.11894223130178186,9,0.6089499785862648,0.9444444444444444,0.8787583632290235,0.9545522710376864
20,40,15.0,eom,15,42,35,0.11894223130178186,0.11894223130178186,14,0.5800178440803181,0.9142857142857143,0.8225310805512659,0.9693242259371361
20,40,15.0,eom,20,42,35,0.11894223130178186,0.11894223130178186,19,0.5566652034650464,0.9131578947368421,0.7824070909263313,0.9774109200825284
20,40,15.0,eom,25,42,35,0.11894223130178186,0.11894223130178186,24,0.579337293040154,0.9208333333333333,0.7779747944908161,0.9838993017932771
20,40,15.0,eom,30,42,35,0.11894223130178186,0.11894223130178186,29,0.5844442687234465,0.8844827586206897,0.7222311702942483,0.9869785284650254
