doc_id,topic_id
0,11
1,18
2,1
3,14
4,11
5,0
6,11
7,13
8,19
9,11
10,18
11,11
12,11
13,1
14,9
15,14
16,18
17,6
18,12
19,13
20,0
21,18
22,18
23,18
24,11
25,4
26,11
27,1
28,0
29,0
30,17
31,11
32,18
33,5
34,18
35,18
36,18
37,18
38,13
39,9
40,11
41,18
42,15
43,18
44,7
45,11
46,6
47,1
48,18
49,11
50,18
51,11
52,0
53,1
54,0
55,17
56,11
57,18
58,0
59,1
60,0
61,19
62,18
63,18
64,0
65,18
66,9
67,18
68,13
69,7
70,18
71,0
72,18
73,19
74,0
75,9
76,18
77,1
78,11
79,11
80,18
81,13
82,18
83,18
84,18
85,7
86,18
87,0
88,0
89,0
90,4
91,11
92,10
93,4
94,1
95,18
96,11
97,11
98,0
99,0
100,7
101,0
102,1
103,18
104,19
105,1
106,18
107,13
108,1
109,18
110,15
111,13
112,18
113,0
114,6
115,7
116,0
117,13
118,1
119,19
120,11
121,11
122,18
123,0
124,10
125,6
126,18
127,0
128,1
129,0
130,18
131,1
132,6
133,13
134,1
135,18
136,11
137,11
138,18
139,9
140,18
141,0
142,18
143,15
144,18
145,10
146,0
147,18
148,11
149,1
150,18
151,18
152,0
153,0
154,11
155,18
156,11
157,18
158,0
159,10
160,18
161,18
162,11
163,7
164,11
165,7
166,0
167,14
168,18
169,18
170,0
171,11
172,0
173,11
174,18
175,2
176,11
177,18
178,0
179,4
180,6
181,18
182,0
183,18
184,18
185,18
186,18
187,18
188,1
189,12
190,13
191,18
192,18
193,19
194,18
195,19
196,18
197,18
198,11
199,0
200,11
201,19
202,1
203,0
204,6
205,19
206,18
207,11
208,14
209,18
210,0
211,10
212,5
213,1
214,18
215,0
216,2
217,4
218,1
219,18
220,14
221,3
222,18
223,18
224,18
225,18
226,18
227,18
228,1
229,18
230,18
231,19
232,19
233,11
234,1
235,1
236,13
237,2
238,9
239,18
240,19
241,8
242,1
243,11
244,11
245,9
246,10
247,18
248,19
249,18
250,18
251,1
252,6
253,9
254,19
255,13
256,18
257,1
258,18
259,11
260,18
261,18
262,15
263,18
264,6
265,0
266,0
267,0
268,0
269,18
270,0
271,18
272,0
273,10
274,6
275,19
276,18
277,18
278,0
279,6
280,1
281,18
282,18
283,0
284,1
285,11
286,19
287,11
288,15
289,18
290,7
291,18
292,6
293,8
294,18
295,18
296,6
297,18
298,6
299,18
300,10
301,12
302,1
303,0
304,4
305,1
306,18
307,18
308,1
309,0
310,10
311,4
312,0
313,0
314,6
315,6
316,4
317,5
318,18
319,4
320,4
321,18
322,9
323,0
324,1
325,11
326,1
327,18
328,11
329,6
330,9
331,11
332,0
333,19
334,6
335,18
336,9
337,18
338,11
339,10
340,0
341,0
342,6
343,11
344,1
345,18
346,0
347,18
348,0
349,10
350,18
351,0
352,6
353,11
354,13
355,18
356,6
357,18
358,18
359,18
360,0
361,1
362,18
363,1
364,1
365,18
366,18
367,6
368,18
369,0
370,1
371,18
372,6
373,0
374,0
375,19
376,18
377,6
378,0
379,7
380,13
381,18
382,18
383,0
384,11
385,6
386,6
387,18
388,11
389,4
390,9
391,11
392,6
393,11
394,18
395,18
396,18
397,2
398,9
399,18
400,7
401,18
402,0
403,6
404,11
405,18
406,6
407,0
408,18
409,0
410,1
411,0
412,18
413,11
414,2
415,17
416,11
417,0
418,1
419,11
420,0
421,9
422,12
423,19
424,6
425,4
426,0
427,8
428,18
429,1
430,6
431,3
432,19
433,18
434,18
435,2
436,4
437,18
438,17
439,19
440,18
441,19
442,0
443,18
444,18
445,6
446,5
447,18
448,13
449,0
450,9
451,11
452,11
453,0
454,2
455,4
456,0
457,18
458,18
459,0
460,18
461,9
462,12
463,7
464,18
465,13
466,18
467,11
468,0
469,11
470,6
471,15
472,6
473,0
474,11
475,18
476,1
477,18
478,18
479,15
480,18
481,19
482,18
483,0
484,12
485,6
486,0
487,18
488,12
489,9
490,11
491,1
492,11
493,18
494,11
495,0
496,13
497,18
498,18
499,18
500,0
501,9
502,10
503,4
504,2
505,13
506,6
507,9
508,19
509,12
510,4
511,14
512,19
513,18
514,18
515,18
516,17
517,7
518,11
519,11
520,13
521,11
522,17
523,0
524,11
525,0
526,18
527,10
528,6
529,0
530,18
531,11
532,17
533,19
534,19
535,0
536,6
537,8
538,18
539,0
540,11
541,18
542,18
543,11
544,2
545,7
546,16
547,15
548,1
549,11
550,4
551,7
552,1
553,18
554,11
555,1
556,0
557,7
558,6
559,11
560,18
561,18
562,18
563,18
564,19
565,13
566,18
567,18
568,18
569,18
570,4
571,18
572,4
573,18
574,2
575,0
576,11
577,19
578,18
579,0
580,7
581,6
582,1
583,11
584,18
585,18
586,18
587,6
588,10
589,18
590,15
591,0
592,18
593,0
594,1
595,0
596,1
597,18
598,18
599,12
600,15
601,0
602,18
603,11
604,6
605,14
606,1
607,18
608,13
609,18
610,18
611,19
612,11
613,1
614,18
615,18
616,0
617,18
618,18
619,8
620,11
621,18
622,1
623,18
624,18
625,18
626,4
627,1
628,11
629,12
630,19
631,11
632,6
633,6
634,19
635,11
636,9
637,18
638,19
639,1
640,11
641,0
642,7
643,18
644,11
645,18
646,17
647,7
648,15
649,16
650,0
651,0
652,6
653,18
654,11
655,18
656,18
657,0
658,6
659,19
660,18
661,18
662,0
663,0
664,19
665,1
666,0
667,9
668,0
669,11
670,11
671,12
672,6
673,11
674,19
675,10
676,1
677,0
678,6
679,18
680,7
681,5
682,18
683,13
684,18
685,1
686,4
687,19
688,13
689,0
690,1
691,5
692,0
693,19
694,11
695,18
696,18
697,11
698,11
699,18
700,18
701,11
702,0
703,18
704,18
705,0
706,19
707,15
708,0
709,18
710,0
711,0
712,18
713,17
714,18
715,0
716,0
717,14
718,11
719,6
720,0
721,11
722,0
723,13
724,11
725,11
726,6
727,18
728,6
729,0
730,6
731,18
732,11
733,2
734,11
735,18
736,11
737,0
738,18
739,7
740,18
741,18
742,10
743,0
744,2
745,0
746,18
747,0
748,10
749,9
750,19
751,1
752,11
753,18
754,0
755,11
756,18
757,0
758,0
759,0
760,1
761,1
762,0
763,18
764,11
765,0
766,0
767,11
768,15
769,1
770,18
771,0
772,18
773,15
774,6
775,1
776,11
777,6
778,11
779,11
780,0
781,18
782,6
783,0
784,18
785,18
786,1
787,1
788,9
789,18
790,0
791,11
792,18
793,18
794,18
795,18
796,8
797,0
798,0
799,2
800,1
801,18
802,19
803,15
804,14
805,18
806,0
807,19
808,6
809,0
810,11
811,1
812,0
813,0
814,4
815,10
816,9
817,13
818,9
819,3
820,11
821,0
822,18
823,0
824,18
825,10
826,9
827,11
828,18
829,1
830,18
831,6
832,18
833,14
834,18
835,0
836,0
837,11
838,13
839,12
840,18
841,18
842,4
843,0
844,0
845,18
846,16
847,11
848,11
849,18
850,0
851,18
852,18
853,11
854,2
855,0
856,0
857,1
858,10
859,11
860,11
861,9
862,11
863,11
864,18
865,18
866,4
867,18
868,11
869,11
870,11
871,18
872,11
873,18
874,10
875,18
876,19
877,18
878,11
879,12
880,11
881,11
882,11
883,18
884,2
885,18
886,11
887,18
888,0
889,13
890,4
891,18
892,18
893,18
894,13
895,11
896,6
897,6
898,0
899,18
900,7
901,8
902,11
903,0
904,2
905,13
906,18
907,9
908,18
909,1
910,18
911,16
912,9
913,11
914,13
915,18
916,14
917,18
918,14
919,14
920,18
921,6
922,12
923,19
924,19
925,0
926,18
927,19
928,18
929,13
930,0
931,9
932,2
933,0
934,11
935,19
936,6
937,1
938,18
939,18
940,14
941,11
942,7
943,18
944,1
945,6
946,15
947,0
948,18
949,3
950,11
951,0
952,7
953,0
954,14
955,4
956,13
957,4
958,2
959,9
960,0
961,18
962,18
963,15
964,18
965,18
966,18
967,18
968,9
969,1
970,11
971,11
972,13
973,0
974,18
975,11
976,0
977,14
978,4
979,0
980,18
981,14
982,11
983,12
984,18
985,7
986,11
987,18
988,0
989,18
990,18
991,15
992,18
993,10
994,1
995,0
996,12
997,13
998,18
999,18
1000,4
1001,11
1002,1
1003,18
1004,2
1005,6
1006,6
1007,6
1008,0
1009,0
1010,18
1011,6
1012,18
1013,0
1014,6
1015,11
1016,0
1017,0
1018,0
1019,18
1020,0
1021,0
1022,0
1023,18
1024,3
1025,11
1026,0
1027,12
1028,19
1029,18
1030,9
1031,11
1032,4
1033,9
1034,19
1035,7
1036,18
1037,9
1038,18
1039,16
1040,18
1041,18
1042,18
1043,0
1044,11
1045,11
1046,18
1047,18
1048,1
1049,11
1050,11
1051,18
1052,12
1053,1
1054,2
1055,0
1056,11
1057,0
1058,18
1059,19
1060,2
1061,14
1062,18
1063,19
1064,16
1065,18
1066,6
1067,18
1068,18
1069,11
1070,17
1071,18
1072,0
1073,19
1074,18
1075,1
1076,4
1077,19
1078,18
1079,0
1080,18
1081,19
1082,0
1083,18
1084,1
1085,18
1086,18
1087,0
1088,5
1089,1
1090,11
1091,12
1092,18
1093,18
1094,18
1095,0
1096,0
1097,18
1098,17
1099,5
1100,11
1101,1
1102,18
1103,11
1104,18
1105,1
1106,6
1107,6
1108,11
1109,18
1110,1
1111,18
1112,10
1113,18
1114,14
1115,11
1116,18
1117,0
1118,0
1119,14
1120,18
1121,12
1122,18
1123,4
1124,18
1125,11
1126,18
1127,0
1128,19
1129,18
1130,6
1131,18
1132,1
1133,18
1134,0
1135,18
1136,0
1137,19
1138,0
1139,6
1140,0
1141,18
1142,13
1143,15
1144,18
1145,2
1146,11
1147,18
1148,0
1149,9
1150,18
1151,18
1152,19
1153,10
1154,18
1155,1
1156,0
1157,8
1158,19
1159,0
1160,18
1161,11
1162,4
1163,6
1164,18
1165,18
1166,18
1167,18
1168,18
1169,18
1170,13
1171,0
1172,18
1173,15
1174,11
1175,14
1176,13
1177,18
1178,11
1179,11
1180,15
1181,6
1182,6
1183,0
1184,18
1185,11
1186,18
1187,14
1188,18
1189,18
1190,19
1191,6
1192,0
1193,1
1194,6
1195,19
1196,11
1197,11
1198,0
1199,0
1200,11
1201,0
1202,6
1203,0
1204,0
1205,0
1206,12
1207,11
1208,10
1209,18
1210,18
1211,6
1212,6
1213,11
1214,18
1215,10
1216,18
1217,0
1218,18
1219,0
1220,6
1221,10
1222,19
1223,0
1224,10
1225,18
1226,7
1227,18
1228,15
1229,0
1230,1
1231,18
1232,11
1233,18
1234,18
1235,18
1236,18
1237,13
1238,0
1239,7
1240,12
1241,6
1242,1
1243,2
1244,6
1245,18
1246,18
1247,1
1248,11
1249,18
1250,18
1251,13
1252,18
1253,0
1254,0
1255,5
1256,1
1257,18
1258,4
1259,0
1260,0
1261,4
1262,12
1263,11
1264,15
1265,18
1266,19
1267,0
1268,18
1269,19
1270,18
1271,18
1272,18
1273,12
1274,9
1275,18
1276,11
1277,19
1278,11
1279,7
1280,19
1281,1
1282,15
1283,0
1284,8
1285,13
1286,18
1287,11
1288,0
1289,18
1290,14
1291,1
1292,0
1293,15
1294,11
1295,4
1296,10
1297,1
1298,18
1299,11
1300,3
1301,6
1302,11
1303,14
1304,17
1305,1
1306,9
1307,18
1308,0
1309,11
1310,18
1311,19
1312,18
1313,1
1314,19
1315,1
1316,0
1317,18
1318,11
1319,19
1320,0
1321,11
1322,18
1323,4
1324,0
1325,2
1326,18
1327,18
1328,0
1329,14
1330,11
1331,14
1332,11
1333,0
1334,18
1335,11
1336,13
1337,0
1338,19
1339,0
1340,11
1341,15
1342,14
1343,18
1344,0
1345,0
1346,6
1347,18
1348,18
1349,6
1350,18
1351,18
1352,11
1353,0
1354,13
1355,13
1356,19
1357,0
1358,18
1359,18
1360,18
1361,18
1362,18
1363,17
1364,1
1365,0
1366,0
1367,10
1368,11
1369,0
1370,19
1371,1
1372,18
1373,9
1374,18
1375,18
1376,10
1377,18
1378,0
1379,3
1380,1
1381,0
1382,8
1383,10
1384,11
1385,19
1386,18
1387,19
1388,18
1389,11
1390,11
1391,18
1392,1
1393,11
1394,18
1395,18
1396,11
1397,0
1398,11
1399,15
1400,18
1401,0
1402,11
1403,18
1404,15
1405,18
1406,19
1407,18
1408,13
1409,1
1410,13
1411,19
1412,18
1413,18
1414,18
1415,15
1416,13
1417,11
1418,13
1419,18
1420,2
1421,18
1422,6
1423,10
1424,18
1425,1
1426,12
1427,12
1428,19
1429,6
1430,13
1431,0
1432,6
1433,1
1434,0
1435,0
1436,18
1437,0
1438,13
1439,18
1440,4
1441,1
1442,12
1443,0
1444,18
1445,18
1446,18
1447,1
1448,18
1449,0
1450,1
1451,2
1452,11
1453,18
1454,11
1455,1
1456,18
1457,0
1458,6
1459,11
1460,0
1461,0
1462,10
1463,14
1464,1
1465,19
1466,10
1467,0
1468,12
1469,1
1470,0
1471,19
1472,5
1473,18
1474,11
1475,18
1476,2
1477,11
1478,11
1479,0
1480,11
1481,19
1482,6
1483,18
1484,0
1485,18
1486,18
1487,0
1488,19
1489,4
1490,18
1491,9
1492,7
1493,14
1494,13
1495,13
1496,0
1497,18
1498,15
1499,18
1500,18
1501,1
1502,11
1503,0
1504,18
1505,18
1506,2
1507,0
1508,18
1509,0
1510,18
1511,15
1512,11
1513,0
1514,18
1515,11
1516,18
1517,10
1518,18
1519,19
1520,0
1521,18
1522,3
1523,10
1524,1
1525,18
1526,15
1527,6
1528,0
1529,18
1530,11
1531,6
1532,19
1533,0
1534,13
1535,14
1536,18
1537,0
1538,18
1539,0
1540,18
1541,18
1542,0
1543,0
1544,0
1545,11
1546,9
1547,9
1548,4
1549,11
1550,13
1551,14
1552,19
1553,1
1554,18
1555,0
1556,19
1557,0
1558,18
1559,2
1560,19
1561,3
1562,12
1563,11
1564,18
1565,2
1566,1
1567,12
1568,18
1569,0
1570,0
1571,11
1572,18
1573,0
1574,11
1575,18
1576,11
1577,18
1578,13
1579,18
1580,18
1581,16
1582,6
1583,18
1584,0
1585,19
1586,6
1587,10
1588,11
1589,1
1590,18
1591,8
1592,18
1593,5
1594,11
1595,10
1596,18
1597,13
1598,6
1599,18
1600,11
1601,18
1602,18
1603,0
1604,11
1605,0
1606,18
1607,11
1608,18
1609,12
1610,11
1611,18
1612,15
1613,3
1614,1
1615,6
1616,16
1617,11
1618,18
1619,11
1620,11
1621,18
1622,15
1623,11
1624,15
1625,11
1626,0
1627,0
1628,10
1629,0
1630,11
1631,18
1632,18
1633,0
1634,14
1635,18
1636,4
1637,11
1638,0
1639,18
1640,18
1641,18
1642,18
1643,11
1644,1
1645,13
1646,18
1647,0
1648,8
1649,0
1650,6
1651,18
1652,0
1653,1
1654,10
1655,1
1656,9
1657,19
1658,13
1659,14
1660,18
1661,18
1662,8
1663,0
1664,15
1665,0
1666,18
1667,2
1668,16
1669,0
1670,6
1671,11
1672,6
1673,18
1674,11
1675,11
1676,11
1677,11
1678,0
1679,8
1680,18
1681,1
1682,6
1683,19
1684,6
1685,1
1686,0
1687,1
1688,18
1689,18
1690,11
1691,18
1692,13
1693,6
1694,8
1695,11
1696,6
1697,18
1698,18
1699,18
1700,18
1701,0
1702,18
1703,18
1704,18
1705,18
1706,1
1707,14
1708,18
1709,19
1710,18
1711,10
1712,19
1713,11
1714,12
1715,2
1716,18
1717,0
1718,9
1719,0
1720,18
1721,11
1722,18
1723,0
1724,18
1725,0
1726,0
1727,9
1728,0
1729,6
1730,9
1731,12
1732,13
1733,18
1734,10
1735,1
1736,6
1737,0
1738,0
1739,9
1740,18
1741,0
1742,11
1743,11
1744,18
1745,18
1746,18
1747,13
1748,0
1749,15
1750,2
1751,18
1752,10
1753,11
1754,11
1755,13
1756,0
1757,1
1758,0
1759,0
1760,0
1761,18
1762,18
1763,12
1764,7
1765,18
1766,0
1767,0
1768,15
1769,11
1770,10
1771,18
1772,11
1773,11
1774,2
1775,18
1776,0
1777,11
1778,11
1779,14
1780,18
1781,19
1782,18
1783,1
1784,11
1785,0
1786,10
1787,9
1788,0
1789,15
1790,11
1791,18
1792,3
1793,11
1794,9
1795,6
1796,11
1797,6
1798,7
1799,0
1800,16
1801,0
1802,0
1803,6
1804,1
1805,18
1806,0
1807,15
1808,18
1809,11
1810,11
1811,19
1812,18
1813,0
1814,18
1815,11
1816,9
1817,18
1818,15
1819,1
1820,1
1821,18
1822,10
1823,18
1824,18
1825,18
1826,11
1827,4
1828,18
1829,1
1830,11
1831,5
1832,0
1833,6
1834,19
1835,11
1836,11
1837,13
1838,18
1839,2
1840,6
1841,11
1842,18
1843,18
1844,18
1845,1
1846,0
1847,13
1848,0
1849,12
1850,10
1851,18
1852,18
1853,6
1854,19
1855,0
1856,11
1857,18
1858,11
1859,18
1860,18
1861,18
1862,14
1863,9
1864,0
1865,0
1866,18
1867,18
1868,18
1869,11
1870,10
1871,11
1872,14
1873,6
1874,10
1875,18
1876,0
1877,0
1878,0
1879,4
1880,18
1881,18
1882,18
1883,6
1884,18
1885,18
1886,13
1887,6
1888,18
1889,10
1890,14
1891,18
1892,13
1893,6
1894,0
1895,18
1896,11
1897,0
1898,18
1899,0
1900,1
1901,15
1902,0
1903,0
1904,11
1905,0
1906,0
1907,12
1908,5
1909,0
1910,12
1911,11
1912,0
1913,9
1914,1
1915,18
1916,18
1917,0
1918,18
1919,16
1920,18
1921,0
1922,18
1923,18
1924,0
1925,6
1926,11
1927,6
1928,0
1929,9
1930,6
1931,18
1932,11
1933,18
1934,19
1935,0
1936,18
1937,10
1938,18
1939,18
1940,0
1941,0
1942,17
1943,1
1944,14
1945,18
1946,18
1947,18
1948,6
1949,18
1950,11
1951,15
1952,0
1953,12
1954,16
1955,2
1956,11
1957,6
1958,19
1959,18
1960,7
1961,1
1962,2
1963,19
1964,9
1965,18
1966,18
1967,0
1968,18
1969,11
1970,18
1971,0
1972,0
1973,0
1974,0
1975,6
1976,11
1977,0
1978,18
1979,0
1980,12
1981,8
1982,18
1983,18
1984,19
1985,7
1986,0
1987,18
1988,0
1989,3
1990,11
1991,18
1992,0
1993,14
1994,18
1995,18
1996,11
1997,14
1998,11
1999,18
2000,1
2001,6
2002,1
2003,11
2004,18
2005,0
2006,0
2007,19
2008,0
2009,0
2010,18
2011,14
2012,18
2013,11
2014,0
2015,14
2016,6
2017,0
2018,18
2019,0
2020,19
2021,0
2022,6
2023,19
2024,11
2025,19
2026,0
2027,18
2028,4
2029,0
2030,6
2031,19
2032,14
2033,11
2034,11
2035,11
2036,3
2037,6
2038,11
2039,1
2040,0
2041,9
2042,19
2043,18
2044,11
2045,1
2046,0
2047,18
2048,9
2049,0
2050,0
2051,0
2052,4
2053,18
2054,0
2055,0
2056,1
2057,9
2058,0
2059,18
2060,1
2061,18
2062,11
2063,0
2064,18
2065,18
2066,11
2067,19
2068,4
2069,19
2070,18
2071,9
2072,18
2073,18
2074,10
2075,18
2076,18
2077,19
2078,18
2079,0
2080,19
2081,18
2082,0
2083,18
2084,14
2085,18
2086,0
2087,0
2088,11
2089,1
2090,13
2091,13
2092,1
2093,11
2094,6
2095,0
2096,6
2097,11
2098,5
2099,18
2100,11
2101,18
2102,9
2103,18
2104,9
2105,1
2106,18
2107,9
2108,11
2109,18
2110,18
2111,18
2112,18
2113,18
2114,11
2115,18
2116,11
2117,18
2118,0
2119,18
2120,11
2121,0
2122,0
2123,11
2124,14
2125,18
2126,6
2127,0
2128,16
2129,13
2130,6
2131,18
2132,14
2133,1
2134,11
2135,11
2136,12
2137,18
2138,18
2139,18
2140,11
2141,2
2142,18
2143,0
2144,18
2145,12
2146,11
2147,18
2148,11
2149,18
2150,18
2151,5
2152,11
2153,15
2154,11
2155,15
2156,18
2157,1
2158,18
2159,18
2160,18
2161,18
2162,19
2163,13
2164,18
2165,4
2166,18
2167,18
2168,18
2169,18
2170,6
2171,11
2172,0
2173,11
2174,18
2175,0
2176,1
2177,18
2178,18
2179,18
2180,18
2181,0
2182,0
2183,19
2184,11
2185,18
2186,10
2187,18
2188,8
2189,18
2190,11
2191,11
2192,13
2193,0
2194,11
2195,0
2196,1
2197,0
2198,11
2199,0
2200,18
2201,1
2202,19
2203,6
2204,0
2205,9
2206,14
2207,1
2208,18
2209,18
2210,11
2211,14
2212,0
2213,11
2214,18
2215,6
2216,18
2217,11
2218,0
2219,0
2220,10
2221,0
2222,7
2223,18
2224,1
2225,12
2226,6
2227,11
2228,0
2229,19
2230,0
2231,18
2232,8
2233,0
2234,17
2235,0
2236,11
2237,0
2238,4
2239,0
2240,11
2241,0
2242,11
2243,1
2244,11
2245,16
2246,19
2247,18
2248,4
2249,18
2250,9
2251,0
2252,0
2253,6
2254,0
2255,11
2256,6
2257,0
2258,9
2259,0
2260,18
2261,18
2262,2
2263,18
2264,15
2265,11
2266,6
2267,18
2268,14
2269,18
2270,18
2271,0
2272,0
2273,11
2274,18
2275,10
2276,18
2277,11
2278,13
2279,11
2280,19
2281,18
2282,11
2283,0
2284,18
2285,5
2286,1
2287,0
2288,1
2289,11
2290,1
2291,2
2292,0
2293,18
2294,0
2295,1
2296,11
2297,6
2298,12
2299,18
2300,18
2301,1
2302,18
2303,17
2304,0
2305,7
2306,19
2307,18
2308,6
2309,18
2310,0
2311,6
2312,6
2313,6
2314,18
2315,11
2316,0
2317,15
2318,18
2319,16
2320,6
2321,8
2322,18
2323,4
2324,18
2325,11
2326,18
2327,7
2328,0
2329,13
2330,1
2331,0
2332,0
2333,11
2334,13
2335,18
2336,13
2337,7
2338,18
2339,11
2340,18
2341,18
2342,11
2343,13
2344,18
2345,3
2346,1
2347,11
2348,11
2349,11
2350,18
2351,19
2352,18
2353,12
2354,18
2355,15
2356,18
2357,11
2358,11
2359,18
2360,11
2361,18
2362,0
2363,18
2364,18
2365,1
2366,18
2367,13
2368,0
2369,19
2370,11
2371,18
2372,10
2373,6
2374,11
2375,6
2376,12
2377,15
2378,15
2379,10
2380,9
2381,11
2382,1
2383,0
2384,18
2385,19
2386,11
2387,18
2388,11
2389,4
2390,18
2391,14
2392,11
2393,18
2394,0
2395,11
2396,1
2397,18
2398,18
2399,1
2400,0
2401,11
2402,11
2403,18
2404,11
2405,18
2406,18
2407,18
2408,12
2409,11
2410,4
2411,6
2412,18
2413,11
2414,11
2415,9
2416,18
2417,17
2418,0
2419,18
2420,18
2421,0
2422,18
2423,7
2424,0
2425,10
2426,18
2427,0
2428,18
2429,0
2430,0
2431,0
2432,11
2433,19
2434,9
2435,4
2436,5
2437,0
2438,0
2439,19
2440,18
2441,12
2442,11
2443,11
2444,0
2445,6
2446,0
2447,18
2448,6
2449,0
2450,0
2451,6
2452,2
2453,18
2454,18
2455,9
2456,18
2457,18
2458,9
2459,6
2460,13
2461,2
2462,19
2463,9
2464,4
2465,6
2466,7
2467,2
2468,8
2469,11
2470,3
2471,18
2472,13
2473,18
2474,9
2475,12
2476,19
2477,11
2478,16
2479,19
2480,0
2481,6
2482,14
2483,13
2484,15
2485,18
2486,12
2487,19
2488,3
2489,18
2490,18
2491,1
2492,9
2493,0
2494,18
2495,11
2496,18
2497,4
2498,18
2499,2
2500,0
2501,6
2502,14
2503,18
2504,11
2505,0
2506,0
2507,18
2508,18
2509,10
2510,18
2511,18
2512,13
2513,1
2514,19
2515,18
2516,19
2517,0
2518,4
2519,18
2520,0
2521,2
2522,18
2523,2
2524,11
2525,18
2526,0
2527,1
2528,18
2529,18
2530,18
2531,18
2532,10
2533,18
2534,18
2535,1
2536,18
2537,6
2538,5
2539,0
2540,10
2541,6
2542,13
2543,18
2544,15
2545,0
2546,19
2547,18
2548,0
2549,18
2550,11
2551,18
2552,0
2553,19
2554,18
2555,18
2556,0
2557,0
2558,9
2559,10
2560,1
2561,0
2562,16
2563,6
2564,11
2565,1
2566,18
2567,0
2568,0
2569,13
2570,0
2571,18
2572,10
2573,12
2574,0
2575,14
2576,9
2577,0
2578,18
2579,11
2580,5
2581,18
2582,18
2583,11
2584,0
2585,11
2586,0
2587,0
2588,11
2589,1
2590,1
2591,3
2592,13
2593,18
2594,5
2595,18
2596,18
2597,18
2598,18
2599,11
2600,18
2601,6
2602,0
2603,18
2604,18
2605,4
2606,13
2607,10
2608,14
2609,18
2610,19
2611,19
2612,10
2613,6
2614,11
2615,18
2616,1
2617,9
2618,14
2619,18
2620,18
2621,16
2622,0
2623,8
2624,7
2625,16
2626,4
2627,19
2628,5
2629,16
2630,16
2631,13
2632,10
2633,16
2634,12
2635,16
2636,16
2637,12
2638,16
2639,16
2640,12
2641,0
2642,16
2643,12
2644,12
2645,0
2646,16
2647,7
2648,12
2649,16
2650,0
2651,16
2652,6
2653,16
2654,16
2655,12
2656,5
2657,12
2658,5
2659,12
2660,13
2661,12
2662,12
2663,12
2664,16
2665,16
2666,5
2667,2
2668,5
2669,16
2670,12
2671,12
2672,16
2673,5
2674,16
2675,16
2676,5
2677,11
2678,16
2679,12
2680,12
2681,12
2682,7
2683,16
2684,9
2685,16
2686,5
2687,12
2688,12
2689,16
2690,5
2691,16
2692,5
2693,16
2694,5
2695,12
2696,16
2697,16
2698,10
2699,12
2700,2
2701,16
2702,0
2703,16
2704,0
2705,12
2706,19
2707,12
2708,0
2709,0
2710,12
2711,12
2712,12
2713,16
2714,12
2715,0
2716,5
2717,16
2718,16
2719,0
2720,5
2721,5
2722,16
2723,16
2724,12
2725,12
2726,5
2727,16
2728,12
2729,7
2730,16
2731,12
2732,12
2733,16
2734,12
2735,16
2736,12
2737,18
2738,0
2739,19
2740,5
2741,4
2742,5
2743,4
2744,0
2745,0
2746,16
2747,12
2748,12
2749,2
2750,0
2751,10
2752,12
2753,12
2754,16
2755,12
2756,16
2757,5
2758,9
2759,9
2760,12
2761,5
2762,12
2763,5
2764,19
2765,15
2766,9
2767,5
2768,14
2769,16
2770,0
2771,12
2772,4
2773,16
2774,12
2775,12
2776,12
2777,0
2778,0
2779,12
2780,16
2781,5
2782,12
2783,0
2784,18
2785,12
2786,16
2787,16
2788,16
2789,14
2790,0
2791,5
2792,12
2793,7
2794,3
2795,12
2796,12
2797,0
2798,0
2799,12
2800,0
2801,13
2802,9
2803,16
2804,5
2805,16
2806,6
2807,0
2808,12
2809,19
2810,5
2811,13
2812,12
2813,12
2814,2
2815,11
2816,0
2817,16
2818,16
2819,9
2820,11
2821,16
2822,7
2823,16
2824,5
2825,9
2826,12
2827,16
2828,7
2829,16
2830,9
2831,12
2832,12
2833,12
2834,12
2835,0
2836,15
2837,11
2838,16
2839,6
2840,12
2841,12
2842,16
2843,0
2844,12
2845,16
2846,4
2847,0
2848,5
2849,12
2850,9
2851,0
2852,5
2853,16
2854,16
2855,12
2856,2
2857,16
2858,16
2859,16
2860,14
2861,13
2862,5
2863,5
2864,12
2865,16
2866,5
2867,14
2868,9
2869,16
2870,0
2871,12
2872,0
2873,19
2874,16
2875,4
2876,0
2877,13
2878,5
2879,16
2880,16
2881,12
2882,16
2883,5
2884,16
2885,4
2886,16
2887,16
2888,12
2889,0
2890,8
2891,16
2892,16
2893,16
2894,12
2895,16
2896,9
2897,5
2898,6
2899,4
2900,12
2901,19
2902,16
2903,5
2904,12
2905,12
2906,18
2907,16
2908,1
2909,9
2910,4
2911,16
2912,12
2913,0
2914,9
2915,5
2916,12
2917,1
2918,0
2919,17
2920,7
2921,16
2922,13
2923,12
2924,5
2925,11
2926,0
2927,7
2928,0
2929,12
2930,16
2931,0
2932,16
2933,0
2934,12
2935,7
2936,4
2937,12
2938,12
2939,0
2940,0
2941,12
2942,5
2943,14
2944,0
2945,11
2946,12
2947,0
2948,12
2949,0
2950,4
2951,15
2952,16
2953,0
2954,8
2955,4
2956,5
2957,12
2958,12
2959,4
2960,12
2961,19
2962,5
2963,12
2964,16
2965,12
2966,5
2967,12
2968,16
2969,4
2970,12
2971,12
2972,12
2973,16
2974,12
2975,16
2976,16
2977,16
2978,13
2979,11
2980,5
2981,12
2982,15
2983,12
2984,16
2985,16
2986,7
2987,4
2988,12
2989,14
2990,19
2991,7
2992,12
2993,12
2994,0
2995,16
2996,16
2997,12
2998,16
2999,12
3000,17
3001,16
3002,12
3003,16
3004,15
3005,15
3006,0
3007,12
3008,4
3009,5
3010,16
3011,12
3012,4
3013,16
3014,0
3015,13
3016,16
3017,3
3018,5
3019,5
3020,0
3021,16
3022,5
3023,2
3024,9
3025,7
3026,0
3027,16
3028,12
3029,13
3030,18
3031,16
3032,5
3033,4
3034,5
3035,16
3036,16
3037,11
3038,12
3039,5
3040,0
3041,2
3042,16
3043,16
3044,5
3045,19
3046,13
3047,6
3048,12
3049,16
3050,16
3051,11
3052,5
3053,3
3054,13
3055,16
3056,11
3057,13
3058,16
3059,12
3060,12
3061,15
3062,12
3063,0
3064,16
3065,12
3066,12
3067,0
3068,2
3069,0
3070,9
3071,12
3072,16
3073,0
3074,4
3075,12
3076,12
3077,1
3078,13
3079,13
3080,5
3081,12
3082,4
3083,5
3084,16
3085,16
3086,12
3087,5
3088,0
3089,19
3090,12
3091,12
3092,9
3093,4
3094,16
3095,0
3096,12
3097,5
3098,5
3099,7
3100,5
3101,0
3102,19
3103,11
3104,9
3105,16
3106,5
3107,16
3108,17
3109,16
3110,12
3111,16
3112,7
3113,12
3114,12
3115,16
3116,13
3117,12
3118,16
3119,5
3120,11
3121,13
3122,12
3123,5
3124,12
3125,19
3126,16
3127,5
3128,12
3129,7
3130,9
3131,18
3132,4
3133,5
3134,0
3135,16
3136,16
3137,5
3138,5
3139,16
3140,5
3141,5
3142,2
3143,19
3144,5
3145,5
3146,10
3147,4
3148,5
3149,0
3150,0
3151,16
3152,16
3153,8
3154,0
3155,16
3156,12
3157,4
3158,5
3159,18
3160,12
3161,5
3162,12
3163,12
3164,16
3165,0
3166,0
3167,16
3168,5
3169,16
3170,12
3171,0
3172,12
3173,11
3174,0
3175,16
3176,5
3177,4
3178,16
3179,16
3180,12
3181,5
3182,0
3183,5
3184,5
3185,18
3186,10
3187,5
3188,13
3189,16
3190,16
3191,11
3192,16
3193,12
3194,5
3195,5
3196,5
3197,16
3198,5
3199,4
3200,16
3201,12
3202,10
3203,16
3204,16
3205,2
3206,11
3207,0
3208,7
3209,5
3210,4
3211,19
3212,11
3213,0
3214,9
3215,12
3216,12
3217,8
3218,8
3219,12
3220,16
3221,9
3222,0
3223,15
3224,5
3225,16
3226,4
3227,5
3228,5
3229,7
3230,11
3231,14
3232,13
3233,5
3234,9
3235,16
3236,16
3237,5
3238,12
3239,12
3240,0
3241,7
3242,5
3243,19
3244,5
3245,12
3246,19
3247,5
3248,11
3249,13
3250,0
3251,12
3252,13
3253,12
3254,12
3255,16
3256,0
3257,16
3258,16
3259,1
3260,7
3261,0
3262,0
3263,12
3264,0
3265,16
3266,8
3267,19
3268,11
3269,5
3270,12
3271,12
3272,13
3273,8
3274,5
3275,16
3276,12
3277,7
3278,4
3279,5
3280,5
3281,13
3282,0
3283,16
3284,7
3285,4
3286,8
3287,4
3288,12
3289,9
3290,0
3291,13
3292,7
3293,11
3294,11
3295,12
3296,5
3297,12
3298,11
3299,5
3300,5
3301,5
3302,3
3303,5
3304,13
3305,15
3306,13
3307,4
3308,5
3309,6
3310,5
3311,12
3312,10
3313,5
3314,16
3315,12
3316,0
3317,16
3318,16
3319,13
3320,13
3321,8
3322,0
3323,16
3324,19
3325,16
3326,15
3327,12
3328,7
3329,11
3330,13
3331,12
3332,12
3333,13
3334,12
3335,0
3336,12
3337,19
3338,12
3339,0
3340,4
3341,5
3342,5
3343,12
3344,16
3345,12
3346,4
3347,12
3348,0
3349,12
3350,5
3351,12
3352,7
3353,7
3354,19
3355,12
3356,12
3357,0
3358,13
3359,12
3360,0
3361,12
3362,12
3363,12
3364,6
3365,3
3366,16
3367,12
3368,16
3369,12
3370,13
3371,12
3372,4
3373,5
3374,5
3375,16
3376,4
3377,16
3378,16
3379,0
3380,5
3381,0
3382,5
3383,4
3384,9
3385,13
3386,12
3387,6
3388,12
3389,13
3390,10
3391,0
3392,0
3393,5
3394,7
3395,5
3396,5
3397,12
3398,0
3399,6
3400,12
3401,13
3402,12
3403,16
3404,16
3405,15
3406,12
3407,7
3408,14
3409,9
3410,16
3411,12
3412,12
3413,12
3414,0
3415,0
3416,5
3417,12
3418,15
3419,0
3420,6
3421,2
3422,5
3423,5
3424,12
3425,10
3426,3
3427,12
3428,12
3429,12
3430,11
3431,13
3432,4
3433,12
3434,14
3435,5
3436,5
3437,13
3438,5
3439,0
3440,5
3441,16
3442,16
3443,0
3444,7
3445,12
3446,5
3447,5
3448,5
3449,4
3450,5
3451,5
3452,8
3453,5
3454,13
3455,0
3456,16
3457,5
3458,4
3459,12
3460,5
3461,2
3462,19
3463,12
3464,5
3465,16
3466,12
3467,5
3468,16
3469,11
3470,12
3471,5
3472,12
3473,12
3474,11
3475,12
3476,5
3477,0
3478,7
3479,4
3480,11
3481,16
3482,5
3483,6
3484,16
3485,7
3486,5
3487,11
3488,12
3489,12
3490,8
3491,16
3492,9
3493,13
3494,5
3495,5
3496,16
3497,12
3498,5
3499,19
3500,13
3501,0
3502,19
3503,7
3504,12
3505,4
3506,12
3507,11
3508,5
3509,12
3510,12
3511,16
3512,7
3513,12
3514,11
3515,11
3516,7
3517,0
3518,5
3519,5
3520,13
3521,4
3522,7
3523,5
3524,11
3525,3
3526,5
3527,0
3528,19
3529,0
3530,12
3531,6
3532,14
3533,7
3534,0
3535,9
3536,12
3537,12
3538,12
3539,13
3540,13
3541,16
3542,8
3543,0
3544,12
3545,16
3546,7
3547,5
3548,0
3549,12
3550,6
3551,5
3552,0
3553,5
3554,0
3555,9
3556,5
3557,5
3558,0
3559,13
3560,12
3561,7
3562,5
3563,11
3564,5
3565,0
3566,12
3567,16
3568,5
3569,16
3570,13
3571,0
3572,0
3573,12
3574,0
3575,0
3576,0
3577,19
3578,19
3579,12
3580,5
3581,9
3582,9
3583,12
3584,0
3585,16
3586,12
3587,0
3588,11
3589,19
3590,5
3591,7
3592,7
3593,11
3594,5
3595,12
3596,4
3597,8
3598,4
3599,12
3600,5
3601,8
3602,12
3603,16
3604,16
3605,5
3606,19
3607,17
3608,12
3609,6
3610,12
3611,5
3612,12
3613,5
3614,16
3615,16
3616,12
3617,0
3618,19
3619,0
3620,12
3621,0
3622,12
3623,12
3624,6
3625,12
3626,12
3627,3
3628,16
3629,5
3630,0
3631,5
3632,5
3633,11
3634,10
3635,5
3636,12
3637,12
3638,16
3639,12
3640,9
3641,13
3642,8
3643,0
3644,5
3645,16
3646,9
3647,8
3648,7
3649,16
3650,0
3651,5
3652,16
3653,5
3654,12
3655,12
3656,12
3657,12
3658,5
3659,11
3660,0
3661,5
3662,13
3663,16
3664,16
3665,12
3666,6
3667,3
3668,16
3669,12
3670,0
3671,17
3672,15
3673,0
3674,16
3675,4
3676,16
3677,0
3678,16
3679,12
3680,5
3681,13
3682,12
3683,4
3684,12
3685,5
3686,12
3687,0
3688,4
3689,16
3690,0
3691,16
3692,16
3693,6
3694,5
3695,5
3696,16
3697,12
3698,12
3699,4
3700,4
3701,12
3702,16
3703,5
3704,16
3705,8
3706,12
3707,7
3708,16
3709,6
3710,5
3711,5
3712,1
3713,16
3714,0
3715,16
3716,4
3717,19
3718,9
3719,16
3720,2
3721,0
3722,19
3723,5
3724,12
3725,12
3726,4
3727,16
3728,2
3729,5
3730,5
3731,7
3732,5
3733,4
3734,0
3735,5
3736,19
3737,0
3738,6
3739,11
3740,0
3741,15
3742,5
3743,12
3744,16
3745,5
3746,12
3747,0
3748,12
3749,12
3750,19
3751,12
3752,12
3753,13
3754,16
3755,12
3756,19
3757,16
3758,16
3759,4
3760,16
3761,12
3762,11
3763,19
3764,4
3765,5
3766,16
3767,16
3768,12
3769,19
3770,12
3771,5
3772,2
3773,16
3774,12
3775,11
3776,13
3777,12
3778,7
3779,11
3780,11
3781,19
3782,6
3783,5
3784,5
3785,15
3786,16
3787,5
3788,7
3789,5
3790,5
3791,13
3792,16
3793,19
3794,11
3795,0
3796,5
3797,12
3798,4
3799,5
3800,7
3801,4
3802,12
3803,16
3804,12
3805,5
3806,4
3807,0
3808,5
3809,12
3810,9
3811,5
3812,12
3813,16
3814,12
3815,18
3816,11
3817,16
3818,7
3819,12
3820,12
3821,10
3822,12
3823,6
3824,5
3825,12
3826,0
3827,4
3828,0
3829,12
3830,16
3831,5
3832,16
3833,12
3834,6
3835,6
3836,12
3837,4
3838,0
3839,0
3840,16
3841,9
3842,0
3843,5
3844,7
3845,16
3846,5
3847,12
3848,0
3849,12
3850,12
3851,5
3852,12
3853,0
3854,12
3855,13
3856,19
3857,0
3858,0
3859,5
3860,5
3861,7
3862,5
3863,5
3864,6
3865,12
3866,5
3867,4
3868,5
3869,5
3870,5
3871,16
3872,11
3873,13
3874,5
3875,16
3876,12
3877,6
3878,12
3879,12
3880,11
3881,16
3882,0
3883,6
3884,5
3885,16
3886,5
3887,5
3888,4
3889,4
3890,18
3891,12
3892,7
3893,12
3894,1
3895,4
3896,5
3897,5
3898,5
3899,16
3900,0
3901,5
3902,13
3903,11
3904,0
3905,12
3906,12
3907,2
3908,16
3909,4
3910,12
3911,16
3912,15
3913,5
3914,11
3915,5
3916,9
3917,5
3918,5
3919,12
3920,1
3921,12
3922,19
3923,5
3924,0
3925,8
3926,5
3927,12
3928,12
3929,0
3930,13
3931,5
3932,12
3933,16
3934,5
3935,11
3936,4
3937,12
3938,6
3939,5
3940,0
3941,12
3942,12
3943,12
3944,12
3945,9
3946,4
3947,12
3948,4
3949,12
3950,5
3951,16
3952,0
3953,12
3954,12
3955,0
3956,11
3957,16
3958,12
3959,12
3960,13
3961,12
3962,0
3963,12
3964,19
3965,9
3966,12
3967,16
3968,12
3969,12
3970,16
3971,12
3972,12
3973,5
3974,12
3975,16
3976,11
3977,11
3978,16
3979,12
3980,12
3981,5
3982,0
3983,5
3984,12
3985,0
3986,8
3987,11
3988,16
3989,5
3990,16
3991,4
3992,5
3993,5
3994,4
3995,9
3996,5
3997,0
3998,12
3999,4
4000,13
4001,9
4002,15
4003,15
4004,19
4005,5
4006,12
4007,18
4008,13
4009,18
4010,5
4011,19
4012,5
4013,5
4014,5
4015,10
4016,5
4017,7
4018,19
4019,5
4020,19
4021,5
4022,15
4023,6
4024,9
4025,19
4026,14
4027,19
4028,15
4029,1
4030,14
4031,15
4032,18
4033,19
4034,15
4035,5
4036,9
4037,15
4038,19
4039,14
4040,5
4041,19
4042,14
4043,5
4044,14
4045,19
4046,5
4047,17
4048,13
4049,18
4050,15
4051,6
4052,19
4053,15
4054,19
4055,19
4056,13
4057,19
4058,9
4059,17
4060,19
4061,9
4062,3
4063,19
4064,19
4065,14
4066,14
4067,15
4068,4
4069,7
4070,15
4071,3
4072,15
4073,14
4074,15
4075,5
4076,14
4077,19
4078,15
4079,19
4080,19
4081,11
4082,15
4083,4
4084,4
4085,5
4086,15
4087,2
4088,12
4089,5
4090,15
4091,0
4092,19
4093,5
4094,7
4095,14
4096,0
4097,15
4098,4
4099,15
4100,1
4101,14
4102,6
4103,12
4104,15
4105,0
4106,6
4107,19
4108,15
4109,7
4110,5
4111,15
4112,15
4113,5
4114,5
4115,15
4116,9
4117,14
4118,5
4119,5
4120,8
4121,6
4122,6
4123,15
4124,15
4125,15
4126,0
4127,19
4128,14
4129,19
4130,0
4131,19
4132,15
4133,15
4134,15
4135,14
4136,5
4137,19
4138,19
4139,5
4140,19
4141,15
4142,19
4143,15
4144,15
4145,13
4146,14
4147,12
4148,5
4149,14
4150,15
4151,14
4152,19
4153,12
4154,19
4155,14
4156,19
4157,14
4158,12
4159,15
4160,19
4161,7
4162,5
4163,19
4164,15
4165,0
4166,0
4167,15
4168,15
4169,3
4170,6
4171,12
4172,5
4173,5
4174,15
4175,19
4176,3
4177,6
4178,8
4179,19
4180,4
4181,14
4182,5
4183,0
4184,14
4185,7
4186,19
4187,15
4188,7
4189,15
4190,6
4191,19
4192,5
4193,9
4194,5
4195,19
4196,5
4197,1
4198,14
4199,7
4200,19
4201,5
4202,19
4203,3
4204,5
4205,19
4206,4
4207,5
4208,15
4209,5
4210,5
4211,14
4212,15
4213,14
4214,6
4215,11
4216,9
4217,19
4218,12
4219,0
4220,19
4221,15
4222,5
4223,5
4224,5
4225,19
4226,2
4227,19
4228,17
4229,15
4230,19
4231,12
4232,15
4233,5
4234,14
4235,6
4236,0
4237,15
4238,7
4239,15
4240,14
4241,14
4242,19
4243,19
4244,19
4245,3
4246,14
4247,19
4248,15
4249,4
4250,15
4251,19
4252,14
4253,19
4254,19
4255,5
4256,14
4257,15
4258,19
4259,5
4260,14
4261,10
4262,6
4263,0
4264,19
4265,15
4266,15
4267,19
4268,15
4269,19
4270,5
4271,19
4272,10
4273,13
4274,15
4275,15
4276,7
4277,11
4278,19
4279,19
4280,15
4281,14
4282,14
4283,0
4284,15
4285,6
4286,14
4287,19
4288,12
4289,11
4290,14
4291,15
4292,8
4293,1
4294,9
4295,15
4296,14
4297,17
4298,15
4299,19
4300,15
4301,4
4302,15
4303,19
4304,15
4305,12
4306,5
4307,11
4308,8
4309,15
4310,15
4311,19
4312,18
4313,19
4314,14
4315,5
4316,12
4317,19
4318,0
4319,19
4320,7
4321,0
4322,15
4323,7
4324,11
4325,9
4326,19
4327,19
4328,0
4329,15
4330,11
4331,19
4332,19
4333,19
4334,0
4335,0
4336,15
4337,15
4338,9
4339,5
4340,5
4341,19
4342,9
4343,19
4344,19
4345,15
4346,5
4347,7
4348,19
4349,6
4350,12
4351,7
4352,15
4353,15
4354,15
4355,10
4356,5
4357,15
4358,4
4359,6
4360,15
4361,14
4362,19
4363,3
4364,19
4365,15
4366,14
4367,1
4368,19
4369,5
4370,2
4371,5
4372,0
4373,15
4374,15
4375,12
4376,0
4377,5
4378,15
4379,5
4380,6
4381,2
4382,19
4383,5
4384,19
4385,12
4386,14
4387,19
4388,5
4389,17
4390,15
4391,15
4392,15
4393,0
4394,5
4395,19
4396,19
4397,12
4398,19
4399,4
4400,18
4401,19
4402,15
4403,5
4404,19
4405,5
4406,19
4407,19
4408,14
4409,6
4410,15
4411,19
4412,14
4413,5
4414,15
4415,15
4416,7
4417,15
4418,19
4419,19
4420,15
4421,19
4422,19
4423,19
4424,15
4425,5
4426,9
4427,10
4428,14
4429,7
4430,9
4431,0
4432,5
4433,19
4434,4
4435,5
4436,19
4437,15
4438,15
4439,19
4440,4
4441,2
4442,15
4443,5
4444,14
4445,19
4446,0
4447,19
4448,15
4449,14
4450,5
4451,14
4452,15
4453,11
4454,13
4455,19
4456,13
4457,8
4458,19
4459,11
4460,9
4461,15
4462,17
4463,7
4464,14
4465,15
4466,19
4467,14
4468,19
4469,14
4470,15
4471,6
4472,14
4473,14
4474,6
4475,15
4476,19
4477,11
4478,19
4479,0
4480,15
4481,19
4482,19
4483,0
4484,19
4485,15
4486,2
4487,5
4488,10
4489,19
4490,15
4491,10
4492,6
4493,15
4494,5
4495,5
4496,19
4497,5
4498,19
4499,12
4500,5
4501,7
4502,14
4503,11
4504,3
4505,12
4506,15
4507,13
4508,14
4509,15
4510,18
4511,15
4512,10
4513,15
4514,19
4515,15
4516,15
4517,19
4518,15
4519,15
4520,15
4521,2
4522,19
4523,15
4524,15
4525,19
4526,5
4527,5
4528,15
4529,15
4530,3
4531,5
4532,19
4533,15
4534,11
4535,0
4536,3
4537,14
4538,14
4539,6
4540,5
4541,7
4542,14
4543,19
4544,19
4545,12
4546,19
4547,0
4548,12
4549,5
4550,9
4551,12
4552,6
4553,19
4554,15
4555,0
4556,2
4557,0
4558,5
4559,19
4560,19
4561,19
4562,5
4563,5
4564,2
4565,7
4566,11
4567,15
4568,19
4569,5
4570,15
4571,3
4572,6
4573,19
4574,7
4575,15
4576,13
4577,5
4578,5
4579,19
4580,1
4581,19
4582,12
4583,0
4584,15
4585,15
4586,19
4587,19
4588,13
4589,5
4590,11
4591,16
4592,16
4593,5
4594,5
4595,12
4596,15
4597,6
4598,5
4599,15
4600,19
4601,19
4602,14
4603,19
4604,7
4605,15
4606,19
4607,5
4608,12
4609,14
4610,13
4611,4
4612,15
4613,7
4614,14
4615,19
4616,19
4617,19
4618,2
4619,7
4620,15
4621,18
4622,14
4623,14
4624,19
4625,15
4626,2
4627,3
4628,0
4629,19
4630,15
4631,7
4632,15
4633,19
4634,11
4635,19
4636,3
4637,19
4638,7
4639,19
4640,5
4641,15
4642,19
4643,19
4644,15
4645,19
4646,5
4647,5
4648,19
4649,17
4650,5
4651,19
4652,5
4653,0
4654,19
4655,0
4656,0
4657,19
4658,5
4659,15
4660,19
4661,5
4662,19
4663,15
4664,19
4665,14
4666,5
4667,15
4668,4
4669,15
4670,13
4671,0
4672,7
4673,19
4674,12
4675,5
4676,19
4677,19
4678,19
4679,15
4680,15
4681,15
4682,6
4683,18
4684,19
4685,15
4686,19
4687,15
4688,2
4689,19
4690,5
4691,19
4692,12
4693,19
4694,11
4695,15
4696,14
4697,19
4698,19
4699,19
4700,12
4701,19
4702,19
4703,19
4704,14
4705,10
4706,4
4707,14
4708,15
4709,19
4710,15
4711,5
4712,12
4713,5
4714,15
4715,15
4716,3
4717,15
4718,0
4719,13
4720,19
4721,18
4722,14
4723,19
4724,19
4725,11
4726,16
4727,15
4728,15
4729,19
4730,5
4731,0
4732,0
4733,19
4734,15
4735,12
4736,15
4737,19
4738,3
4739,0
4740,17
4741,14
4742,5
4743,5
4744,12
4745,15
4746,0
4747,5
4748,15
4749,3
4750,9
4751,19
4752,7
4753,19
4754,3
4755,2
4756,15
4757,14
4758,15
4759,2
4760,1
4761,15
4762,14
4763,5
4764,15
4765,7
4766,13
4767,15
4768,9
4769,5
4770,5
4771,19
4772,5
4773,13
4774,6
4775,15
4776,2
4777,5
4778,11
4779,16
4780,14
4781,15
4782,0
4783,5
4784,14
4785,6
4786,19
4787,5
4788,15
4789,5
4790,19
4791,3
4792,19
4793,19
4794,19
4795,19
4796,19
4797,3
4798,19
4799,5
4800,19
4801,11
4802,12
4803,13
4804,19
4805,9
4806,15
4807,15
4808,9
4809,15
4810,13
4811,14
4812,19
4813,6
4814,15
4815,14
4816,19
4817,9
4818,19
4819,15
4820,11
4821,19
4822,5
4823,5
4824,5
4825,11
4826,15
4827,19
4828,14
4829,6
4830,7
4831,5
4832,19
4833,14
4834,15
4835,19
4836,2
4837,11
4838,19
4839,7
4840,19
4841,11
4842,7
4843,19
4844,13
4845,1
4846,15
4847,5
4848,19
4849,19
4850,15
4851,2
4852,4
4853,7
4854,15
4855,19
4856,14
4857,14
4858,5
4859,19
4860,5
4861,15
4862,14
4863,19
4864,17
4865,15
4866,0
4867,5
4868,19
4869,19
4870,19
4871,19
4872,6
4873,19
4874,9
4875,15
4876,15
4877,19
4878,5
4879,14
4880,15
4881,11
4882,0
4883,5
4884,0
4885,19
4886,14
4887,15
4888,19
4889,15
4890,15
4891,13
4892,7
4893,14
4894,15
4895,19
4896,14
4897,9
4898,19
4899,19
4900,15
4901,1
4902,5
4903,15
4904,10
4905,2
4906,5
4907,9
4908,19
4909,19
4910,15
4911,19
4912,15
4913,19
4914,15
4915,5
4916,19
4917,15
4918,13
4919,19
4920,15
4921,15
4922,14
4923,15
4924,14
4925,19
4926,15
4927,19
4928,5
4929,0
4930,5
4931,18
4932,9
4933,5
4934,15
4935,5
4936,19
4937,19
4938,19
4939,5
4940,3
4941,8
4942,14
4943,19
4944,9
4945,8
4946,12
4947,14
4948,15
4949,14
4950,8
4951,5
4952,15
4953,5
4954,19
4955,19
4956,7
4957,5
4958,15
4959,19
4960,19
4961,5
4962,18
4963,2
4964,5
4965,19
4966,19
4967,15
4968,5
4969,19
4970,9
4971,19
4972,5
4973,11
4974,15
4975,8
4976,15
4977,15
4978,7
4979,19
4980,19
4981,10
4982,0
4983,19
4984,2
4985,6
4986,15
4987,13
4988,19
4989,19
4990,15
4991,6
4992,1
4993,6
4994,19
4995,7
4996,15
4997,15
4998,15
4999,5
5000,0
5001,2
5002,19
5003,13
5004,15
5005,15
5006,4
5007,5
5008,19
5009,19
5010,0
5011,5
5012,5
5013,6
5014,19
5015,5
5016,2
5017,0
5018,19
5019,4
5020,15
5021,3
5022,19
5023,15
5024,4
5025,15
5026,0
5027,19
5028,2
5029,7
5030,15
5031,12
5032,14
5033,12
5034,18
5035,0
5036,13
5037,15
5038,19
5039,19
5040,19
5041,9
5042,15
5043,15
5044,5
5045,19
5046,9
5047,18
5048,18
5049,7
5050,19
5051,5
5052,14
5053,0
5054,3
5055,19
5056,4
5057,10
5058,15
5059,2
5060,15
5061,15
5062,19
5063,12
5064,5
5065,0
5066,19
5067,15
5068,15
5069,8
5070,2
5071,15
5072,15
5073,15
5074,5
5075,5
5076,5
5077,1
5078,19
5079,15
5080,7
5081,15
5082,14
5083,13
5084,17
5085,0
5086,7
5087,8
5088,19
5089,15
5090,10
5091,5
5092,19
5093,14
5094,5
5095,19
5096,19
5097,5
5098,19
5099,15
5100,15
5101,5
5102,17
5103,19
5104,19
5105,17
5106,13
5107,6
5108,15
5109,19
5110,6
5111,14
5112,19
5113,15
5114,6
5115,15
5116,14
5117,7
5118,19
5119,7
5120,18
5121,10
5122,15
5123,4
5124,4
5125,5
5126,19
5127,15
5128,2
5129,3
5130,15
5131,19
5132,19
5133,12
5134,15
5135,19
5136,19
5137,15
5138,19
5139,15
5140,14
5141,19
5142,15
5143,14
5144,8
5145,15
5146,5
5147,2
5148,19
5149,19
5150,6
5151,19
5152,19
5153,15
5154,15
5155,19
5156,10
5157,5
5158,14
5159,8
5160,15
5161,11
5162,5
5163,1
5164,14
5165,4
5166,19
5167,19
5168,15
5169,5
5170,19
5171,19
5172,9
5173,15
5174,15
5175,19
5176,15
5177,15
5178,3
5179,15
5180,19
5181,19
5182,19
5183,15
5184,10
5185,19
5186,5
5187,5
5188,9
5189,19
5190,14
5191,19
5192,12
5193,5
5194,19
5195,15
5196,14
5197,5
5198,4
5199,19
5200,15
5201,19
5202,14
5203,15
5204,15
5205,19
5206,19
5207,16
5208,18
5209,19
5210,19
5211,1
5212,4
5213,19
5214,15
5215,15
5216,19
5217,5
5218,10
5219,6
5220,15
5221,19
5222,16
5223,19
5224,15
5225,15
5226,12
5227,18
5228,14
5229,19
5230,15
5231,12
5232,15
5233,9
5234,7
5235,5
5236,19
5237,15
5238,17
5239,14
5240,18
5241,19
5242,14
5243,15
5244,15
5245,5
5246,9
5247,15
5248,16
5249,4
5250,5
5251,19
5252,19
5253,10
5254,7
5255,13
5256,15
5257,15
5258,11
5259,14
5260,19
5261,7
5262,0
5263,0
5264,6
5265,19
5266,14
5267,14
5268,1
5269,19
5270,19
5271,7
5272,14
5273,19
5274,15
5275,19
5276,4
5277,9
5278,12
5279,14
5280,19
5281,5
5282,15
5283,9
5284,19
5285,4
5286,7
5287,19
5288,19
5289,19
5290,15
5291,19
5292,19
5293,15
5294,15
5295,19
5296,1
5297,19
5298,11
5299,14
5300,19
5301,12
5302,15
5303,14
5304,15
5305,19
5306,15
5307,15
5308,12
5309,14
5310,15
5311,7
5312,19
5313,0
5314,15
5315,15
5316,0
5317,15
5318,15
5319,4
5320,19
5321,14
5322,19
5323,19
5324,19
5325,15
5326,19
5327,1
5328,7
5329,19
5330,14
5331,15
5332,12
5333,7
5334,2
5335,15
5336,19
5337,9
5338,14
5339,5
5340,15
5341,19
5342,7
5343,14
5344,9
5345,4
5346,6
5347,10
5348,15
5349,4
5350,15
5351,15
5352,16
5353,19
5354,19
5355,4
5356,15
5357,0
5358,19
5359,5
5360,14
5361,3
5362,10
5363,0
5364,5
5365,5
5366,12
5367,8
5368,0
5369,6
5370,5
5371,19
5372,15
5373,7
5374,15
5375,15
5376,5
5377,15
5378,19
5379,5
5380,5
5381,19
5382,5
5383,16
5384,19
5385,14
5386,5
5387,19
5388,5
5389,8
5390,19
5391,12
5392,19
5393,14
5394,1
5395,19
5396,15
5397,15
5398,5
5399,15
5400,12
5401,19
5402,7
5403,4
5404,19
5405,19
5406,2
5407,12
5408,5
5409,5
5410,17
5411,5
5412,3
5413,5
5414,18
5415,18
5416,15
5417,11
5418,19
5419,19
5420,4
5421,19
5422,19
5423,12
5424,19
5425,15
5426,15
5427,12
5428,19
5429,5
5430,11
5431,15
5432,19
5433,5
5434,15
5435,19
5436,0
5437,18
5438,15
5439,19
5440,15
5441,0
5442,5
5443,15
5444,15
5445,19
5446,15
5447,18
5448,9
5449,19
5450,9
5451,6
5452,19
5453,19
5454,9
5455,19
5456,13
5457,5
5458,15
5459,4
5460,19
5461,15
5462,19
5463,14
5464,19
5465,1
5466,19
5467,15
5468,11
5469,7
5470,14
5471,15
5472,9
5473,2
5474,19
5475,19
5476,7
5477,19
5478,5
5479,7
5480,19
5481,15
5482,13
5483,19
5484,19
5485,15
5486,15
5487,15
5488,15
5489,5
5490,15
5491,15
5492,15
5493,15
5494,14
5495,15
5496,19
5497,16
5498,5
5499,4
5500,17
5501,11
5502,19
5503,17
5504,2
5505,19
5506,15
5507,7
5508,15
5509,11
5510,19
5511,19
5512,14
5513,19
5514,19
5515,0
5516,19
5517,14
5518,2
5519,19
5520,2
5521,14
5522,19
5523,14
5524,15
5525,15
5526,5
5527,15
5528,19
5529,7
5530,14
5531,9
5532,9
5533,19
5534,19
5535,15
5536,3
5537,0
5538,16
5539,15
5540,10
5541,11
5542,19
5543,19
5544,19
5545,15
5546,18
5547,5
5548,4
5549,2
5550,5
5551,15
5552,5
5553,5
5554,5
5555,7
5556,19
5557,7
5558,5
5559,15
5560,15
5561,19
5562,15
5563,12
5564,15
5565,19
5566,5
5567,19
5568,15
5569,5
5570,13
5571,15
5572,15
5573,15
5574,19
5575,11
5576,9
5577,7
5578,19
5579,19
5580,6
5581,5
5582,14
5583,18
5584,15
5585,19
5586,5
5587,15
5588,6
5589,5
5590,19
5591,19
5592,5
5593,5
5594,15
5595,19
5596,2
5597,9
5598,19
5599,5
5600,5
5601,0
5602,19
5603,14
5604,19
5605,11
5606,5
5607,11
5608,15
5609,2
5610,15
5611,6
5612,15
5613,12
5614,19
5615,0
5616,5
5617,15
5618,19
5619,5
5620,2
5621,15
5622,19
5623,11
5624,19
5625,7
5626,19
5627,2
5628,3
5629,4
5630,0
5631,6
5632,15
5633,4
5634,19
5635,15
5636,12
5637,0
5638,14
5639,5
5640,7
5641,12
5642,8
5643,18
5644,5
5645,15
5646,5
5647,5
5648,5
5649,9
5650,3
5651,5
5652,4
5653,15
5654,7
5655,15
5656,15
5657,19
5658,2
5659,19
5660,19
5661,15
5662,15
5663,19
5664,5
5665,15
5666,5
5667,0
5668,5
5669,12
5670,19
5671,3
5672,5
5673,19
5674,5
5675,19
5676,19
5677,14
5678,16
5679,19
5680,15
5681,18
5682,5
5683,14
5684,14
5685,9
5686,15
5687,19
5688,19
5689,19
5690,14
5691,19
5692,19
5693,15
5694,5
5695,19
5696,0
5697,19
5698,15
5699,19
5700,15
5701,14
5702,15
5703,15
5704,15
5705,9
5706,14
5707,15
5708,19
5709,19
5710,15
5711,19
5712,15
5713,9
5714,9
5715,17
5716,19
5717,13
5718,15
5719,16
5720,0
5721,6
5722,14
5723,14
5724,5
5725,12
5726,14
5727,19
5728,15
5729,2
5730,19
5731,19
5732,16
5733,15
5734,19
5735,19
5736,19
5737,19
5738,19
5739,5
5740,14
5741,14
5742,15
5743,5
5744,5
5745,15
5746,5
5747,14
5748,7
5749,19
5750,19
5751,0
5752,19
5753,7
5754,19
5755,19
5756,19
5757,15
5758,5
5759,14
5760,9
5761,6
5762,19
5763,14
5764,19
5765,5
5766,15
5767,0
5768,15
5769,11
5770,19
5771,0
5772,15
5773,19
5774,19
5775,19
5776,5
5777,19
5778,14
5779,11
5780,15
5781,17
5782,6
5783,0
5784,19
5785,1
5786,14
5787,13
5788,14
5789,2
5790,15
5791,13
5792,5
5793,11
5794,15
5795,15
5796,19
5797,5
5798,19
5799,18
5800,1
5801,5
5802,15
5803,5
5804,19
5805,19
5806,0
5807,19
5808,19
5809,19
5810,5
5811,14
5812,15
5813,5
5814,12
5815,19
5816,19
5817,0
5818,19
5819,7
5820,3
5821,11
5822,9
5823,19
5824,5
5825,19
5826,8
5827,15
5828,19
5829,19
5830,0
5831,19
5832,15
5833,4
5834,19
5835,19
5836,5
5837,19
5838,4
5839,10
5840,15
5841,15
5842,15
5843,15
5844,17
5845,6
5846,19
5847,19
5848,11
5849,15
5850,4
5851,18
5852,19
5853,6
5854,19
5855,11
5856,2
5857,19
5858,19
5859,5
5860,5
5861,19
5862,7
5863,19
5864,7
5865,19
5866,2
5867,18
5868,15
5869,2
5870,5
5871,19
5872,15
5873,19
5874,15
5875,2
5876,15
5877,14
5878,15
5879,15
5880,12
5881,0
5882,15
5883,17
5884,14
5885,5
5886,15
5887,0
5888,5
5889,2
5890,11
5891,7
5892,15
5893,5
5894,19
5895,0
5896,15
5897,15
5898,0
5899,19
5900,19
5901,2
5902,15
5903,19
5904,15
5905,14
5906,15
5907,15
5908,19
5909,15
5910,19
5911,9
5912,2
5913,13
5914,13
5915,15
5916,15
5917,9
5918,18
5919,15
5920,19
5921,14
5922,0
5923,15
5924,5
5925,5
5926,15
5927,15
5928,19
5929,19
5930,5
5931,5
5932,8
5933,7
5934,8
5935,15
5936,4
5937,2
5938,17
5939,6
5940,8
5941,19
5942,18
5943,13
5944,15
5945,19
5946,15
5947,6
5948,9
5949,15
5950,7
5951,19
5952,19
5953,7
5954,19
5955,19
5956,5
5957,7
5958,5
5959,19
5960,5
5961,19
5962,7
5963,19
5964,15
5965,19
5966,19
5967,18
5968,19
5969,15
5970,19
5971,7
5972,11
5973,15
5974,12
5975,11
5976,5
5977,12
5978,9
5979,15
5980,14
5981,15
5982,19
5983,15
5984,5
5985,19
5986,19
5987,19
5988,15
5989,15
5990,14
5991,15
5992,5
5993,19
5994,15
5995,19
5996,6
5997,14
5998,12
5999,6
6000,14
6001,6
6002,19
6003,19
6004,16
6005,19
6006,19
6007,3
6008,14
6009,7
6010,4
6011,19
6012,5
6013,15
6014,5
6015,19
6016,14
6017,5
6018,19
6019,9
6020,19
6021,19
6022,7
6023,15
6024,14
6025,5
6026,0
6027,15
6028,5
6029,14
6030,19
6031,7
6032,15
6033,19
6034,15
6035,19
6036,14
6037,1
6038,5
6039,5
6040,14
6041,19
6042,3
6043,15
6044,15
6045,15
6046,5
6047,14
6048,19
6049,2
6050,19
6051,3
6052,16
6053,6
6054,0
6055,19
6056,15
6057,5
6058,7
6059,15
6060,19
6061,0
6062,19
6063,0
6064,15
6065,15
6066,9
6067,6
6068,5
6069,15
6070,19
6071,2
6072,11
6073,10
6074,8
6075,16
6076,17
6077,16
6078,3
6079,11
6080,12
6081,12
6082,3
6083,16
6084,11
6085,13
6086,8
6087,10
6088,16
6089,6
6090,17
6091,3
6092,4
6093,4
6094,12
6095,8
6096,14
6097,12
6098,8
6099,17
6100,10
6101,8
6102,4
6103,2
6104,17
6105,14
6106,13
6107,12
6108,2
6109,11
6110,2
6111,11
6112,9
6113,12
6114,12
6115,2
6116,17
6117,17
6118,13
6119,4
6120,8
6121,6
6122,14
6123,17
6124,3
6125,14
6126,16
6127,9
6128,16
6129,11
6130,7
6131,15
6132,8
6133,10
6134,12
6135,4
6136,16
6137,17
6138,4
6139,17
6140,17
6141,17
6142,2
6143,8
6144,17
6145,7
6146,4
6147,17
6148,3
6149,17
6150,3
6151,12
6152,16
6153,8
6154,4
6155,16
6156,0
6157,3
6158,3
6159,12
6160,16
6161,7
6162,8
6163,19
6164,12
6165,4
6166,3
6167,16
6168,14
6169,17
6170,2
6171,17
6172,9
6173,2
6174,7
6175,3
6176,6
6177,13
6178,15
6179,18
6180,18
6181,4
6182,17
6183,19
6184,4
6185,13
6186,17
6187,17
6188,9
6189,17
6190,11
6191,13
6192,5
6193,18
6194,11
6195,13
6196,2
6197,3
6198,5
6199,3
6200,10
6201,13
6202,17
6203,16
6204,4
6205,1
6206,3
6207,3
6208,14
6209,3
6210,3
6211,2
6212,13
6213,16
6214,11
6215,16
6216,2
6217,2
6218,4
6219,12
6220,15
6221,15
6222,19
6223,11
6224,13
6225,2
6226,4
6227,17
6228,17
6229,4
6230,10
6231,16
6232,1
6233,14
6234,7
6235,3
6236,4
6237,1
6238,16
6239,4
6240,12
6241,13
6242,3
6243,4
6244,4
6245,13
6246,12
6247,4
6248,13
6249,11
6250,7
6251,4
6252,4
6253,9
6254,18
6255,1
6256,16
6257,16
6258,6
6259,16
6260,17
6261,13
6262,13
6263,2
6264,11
6265,14
6266,16
6267,4
6268,2
6269,17
6270,17
6271,17
6272,17
6273,3
6274,4
6275,9
6276,11
6277,3
6278,19
6279,8
6280,0
6281,17
6282,3
6283,8
6284,12
6285,4
6286,4
6287,11
6288,8
6289,7
6290,11
6291,2
6292,8
6293,17
6294,3
6295,0
6296,1
6297,4
6298,10
6299,2
6300,17
6301,8
6302,1
6303,16
6304,14
6305,17
6306,2
6307,11
6308,8
6309,17
6310,3
6311,10
6312,16
6313,19
6314,2
6315,17
6316,4
6317,14
6318,9
6319,19
6320,17
6321,2
6322,9
6323,2
6324,17
6325,4
6326,8
6327,2
6328,12
6329,4
6330,3
6331,16
6332,8
6333,16
6334,8
6335,10
6336,14
6337,4
6338,16
6339,4
6340,2
6341,0
6342,12
6343,6
6344,16
6345,6
6346,16
6347,1
6348,4
6349,4
6350,4
6351,19
6352,16
6353,2
6354,8
6355,4
6356,14
6357,4
6358,17
6359,2
6360,17
6361,8
6362,6
6363,4
6364,17
6365,2
6366,1
6367,3
6368,1
6369,1
6370,17
6371,8
6372,11
6373,4
6374,8
6375,18
6376,14
6377,11
6378,12
6379,12
6380,16
6381,11
6382,13
6383,8
6384,17
6385,5
6386,11
6387,17
6388,3
6389,6
6390,0
6391,3
6392,13
6393,10
6394,8
6395,18
6396,4
6397,17
6398,2
6399,13
6400,6
6401,11
6402,17
6403,17
6404,8
6405,1
6406,8
6407,3
6408,17
6409,1
6410,4
6411,14
6412,7
6413,13
6414,9
6415,6
6416,4
6417,17
6418,6
6419,4
6420,11
6421,4
6422,4
6423,14
6424,11
6425,5
6426,4
6427,3
6428,14
6429,15
6430,4
6431,16
6432,4
6433,17
6434,10
6435,2
6436,18
6437,14
6438,8
6439,16
6440,19
6441,17
6442,8
6443,16
6444,16
6445,3
6446,0
6447,12
6448,5
6449,14
6450,4
6451,12
6452,9
6453,17
6454,11
6455,12
6456,19
6457,2
6458,1
6459,17
6460,4
6461,13
6462,7
6463,3
6464,17
6465,11
6466,3
6467,15
6468,14
6469,15
6470,8
6471,3
6472,8
6473,1
6474,11
6475,17
6476,4
6477,14
6478,8
6479,4
6480,1
6481,17
6482,18
6483,11
6484,2
6485,16
6486,1
6487,13
6488,2
6489,14
6490,3
6491,12
6492,17
6493,3
6494,16
6495,6
6496,16
6497,3
6498,17
6499,8
6500,11
6501,4
6502,14
6503,17
6504,6
6505,3
6506,17
6507,3
6508,12
6509,14
6510,17
6511,12
6512,4
6513,8
6514,3
6515,14
6516,14
6517,2
6518,16
6519,14
6520,3
6521,17
6522,16
6523,16
6524,3
6525,17
6526,18
6527,17
6528,3
6529,14
6530,3
6531,13
6532,16
6533,4
6534,17
6535,16
6536,4
6537,16
6538,8
6539,1
6540,4
6541,17
6542,17
6543,8
6544,14
6545,3
6546,16
6547,15
6548,0
6549,13
6550,17
6551,7
6552,17
6553,9
6554,9
6555,9
6556,2
6557,3
6558,4
6559,8
6560,16
6561,3
6562,11
6563,17
6564,3
6565,6
6566,0
6567,17
6568,1
6569,2
6570,17
6571,16
6572,4
6573,1
6574,0
6575,8
6576,4
6577,16
6578,6
6579,2
6580,13
6581,4
6582,16
6583,2
6584,17
6585,17
6586,17
6587,2
6588,17
6589,12
6590,7
6591,14
6592,12
6593,3
6594,8
6595,10
6596,18
6597,11
6598,4
6599,6
6600,17
6601,12
6602,16
6603,9
6604,2
6605,4
6606,7
6607,11
6608,7
6609,8
6610,16
6611,4
6612,16
6613,4
6614,7
6615,18
6616,8
6617,4
6618,19
6619,3
6620,13
6621,3
6622,12
6623,17
6624,2
6625,12
6626,11
6627,4
6628,2
6629,18
6630,13
6631,18
6632,17
6633,11
6634,7
6635,9
6636,18
6637,11
6638,14
6639,17
6640,17
6641,17
6642,0
6643,4
6644,17
6645,16
6646,17
6647,17
6648,16
6649,4
6650,6
6651,16
6652,7
6653,13
6654,11
6655,18
6656,13
6657,17
6658,19
6659,16
6660,14
6661,4
6662,9
6663,2
6664,10
6665,3
6666,13
6667,12
6668,7
6669,17
6670,11
6671,4
6672,14
6673,4
6674,17
6675,16
6676,6
6677,14
6678,17
6679,17
6680,17
6681,8
6682,17
6683,9
6684,16
6685,14
6686,3
6687,4
6688,4
6689,17
6690,0
6691,4
6692,7
6693,10
6694,7
6695,12
6696,17
6697,16
6698,11
6699,17
6700,1
6701,4
6702,0
6703,14
6704,16
6705,12
6706,17
6707,14
6708,14
6709,4
6710,0
6711,17
6712,7
6713,17
6714,17
6715,2
6716,2
6717,8
6718,2
6719,3
6720,2
6721,4
6722,3
6723,4
6724,14
6725,16
6726,16
6727,4
6728,3
6729,14
6730,1
6731,10
6732,11
6733,3
6734,11
6735,1
6736,16
6737,16
6738,4
6739,17
6740,3
6741,7
6742,17
6743,16
6744,16
6745,3
6746,17
6747,17
6748,16
6749,17
6750,13
6751,7
6752,6
6753,17
6754,8
6755,4
6756,9
6757,11
6758,14
6759,16
6760,0
6761,10
6762,17
6763,0
6764,16
6765,2
6766,9
6767,4
6768,6
6769,8
6770,4
6771,8
6772,16
6773,11
6774,11
6775,5
6776,13
6777,6
6778,7
6779,17
6780,13
6781,3
6782,2
6783,0
6784,15
6785,8
6786,3
6787,6
6788,16
6789,16
6790,1
6791,16
6792,17
6793,17
6794,11
6795,1
6796,12
6797,7
6798,4
6799,0
6800,3
6801,13
6802,16
6803,13
6804,16
6805,16
6806,3
6807,17
6808,13
6809,17
6810,17
6811,14
6812,16
6813,1
6814,8
6815,19
6816,2
6817,19
6818,17
6819,19
6820,14
6821,12
6822,16
6823,17
6824,0
6825,2
6826,6
6827,4
6828,16
6829,6
6830,17
6831,7
6832,8
6833,4
6834,14
6835,9
6836,7
6837,3
6838,3
6839,13
6840,3
6841,11
6842,8
6843,0
6844,2
6845,19
6846,3
6847,6
6848,14
6849,17
6850,2
6851,14
6852,3
6853,3
6854,8
6855,7
6856,12
6857,19
6858,3
6859,1
6860,3
6861,13
6862,17
6863,19
6864,10
6865,0
6866,8
6867,13
6868,16
6869,19
6870,4
6871,3
6872,4
6873,10
6874,16
6875,3
6876,16
6877,4
6878,0
6879,17
6880,3
6881,14
6882,8
6883,17
6884,12
6885,3
6886,2
6887,14
6888,19
6889,8
6890,17
6891,14
6892,17
6893,2
6894,1
6895,16
6896,17
6897,0
6898,4
6899,14
6900,10
6901,4
6902,16
6903,3
6904,11
6905,13
6906,9
6907,4
6908,17
6909,16
6910,17
6911,10
6912,17
6913,10
6914,7
6915,10
6916,13
6917,1
6918,8
6919,3
6920,17
6921,14
6922,17
6923,6
6924,0
6925,16
6926,17
6927,16
6928,17
6929,3
6930,16
6931,7
6932,14
6933,13
6934,1
6935,14
6936,17
6937,2
6938,11
6939,17
6940,11
6941,16
6942,18
6943,11
6944,8
6945,12
6946,0
6947,16
6948,4
6949,7
6950,11
6951,16
6952,9
6953,1
6954,16
6955,6
6956,5
6957,17
6958,6
6959,17
6960,12
6961,9
6962,6
6963,10
6964,3
6965,9
6966,12
6967,12
6968,4
6969,16
6970,4
6971,17
6972,19
6973,17
6974,8
6975,17
6976,17
6977,18
6978,16
6979,10
6980,14
6981,11
6982,11
6983,7
6984,4
6985,17
6986,2
6987,8
6988,6
6989,19
6990,13
6991,18
6992,1
6993,16
6994,16
6995,14
6996,16
6997,15
6998,1
6999,12
7000,17
7001,17
7002,1
7003,16
7004,14
7005,1
7006,8
7007,17
7008,14
7009,14
7010,12
7011,3
7012,1
7013,11
7014,16
7015,17
7016,7
7017,2
7018,10
7019,10
7020,9
7021,17
7022,5
7023,17
7024,10
7025,17
7026,3
7027,4
7028,4
7029,14
7030,12
7031,10
7032,8
7033,16
7034,11
7035,0
7036,11
7037,1
7038,0
7039,3
7040,17
7041,8
7042,14
7043,18
7044,17
7045,4
7046,10
7047,18
7048,12
7049,10
7050,19
7051,17
7052,16
7053,19
7054,4
7055,16
7056,19
7057,5
7058,7
7059,14
7060,4
7061,13
7062,12
7063,7
7064,4
7065,3
7066,17
7067,10
7068,7
7069,1
7070,14
7071,14
7072,17
7073,11
7074,4
7075,16
7076,9
7077,17
7078,1
7079,17
7080,12
7081,17
7082,12
7083,16
7084,9
7085,4
7086,17
7087,17
7088,17
7089,17
7090,17
7091,19
7092,0
7093,17
7094,11
7095,17
7096,15
7097,3
7098,0
7099,16
7100,4
7101,2
7102,16
7103,11
7104,14
7105,17
7106,11
7107,0
7108,8
7109,15
7110,13
7111,16
7112,3
7113,19
7114,17
7115,11
7116,4
7117,2
7118,7
7119,4
7120,14
7121,4
7122,1
7123,2
7124,0
7125,2
7126,17
7127,17
7128,17
7129,12
7130,2
7131,3
7132,1
7133,6
7134,17
7135,16
7136,8
7137,4
7138,2
7139,16
7140,4
7141,11
7142,9
7143,6
7144,8
7145,17
7146,3
7147,8
7148,6
7149,16
7150,16
7151,8
7152,10
7153,17
7154,12
7155,2
7156,17
7157,4
7158,4
7159,0
7160,4
7161,3
7162,4
7163,8
7164,16
7165,14
7166,12
7167,3
7168,18
7169,13
7170,2
7171,18
7172,17
7173,8
7174,8
7175,9
7176,17
7177,10
7178,2
7179,4
7180,7
7181,1
7182,12
7183,17
7184,18
7185,18
7186,7
7187,3
7188,3
7189,16
7190,10
7191,12
7192,17
7193,18
7194,1
7195,18
7196,16
7197,3
7198,16
7199,17
7200,9
7201,13
7202,12
7203,11
7204,17
7205,17
7206,1
7207,7
7208,16
7209,2
7210,4
7211,10
7212,13
7213,17
7214,4
7215,4
7216,4
7217,17
7218,3
7219,16
7220,7
7221,3
7222,8
7223,11
7224,17
7225,11
7226,6
7227,8
7228,2
7229,12
7230,13
7231,19
7232,16
7233,4
7234,10
7235,11
7236,10
7237,17
7238,19
7239,10
7240,18
7241,16
7242,13
7243,4
7244,0
7245,12
7246,16
7247,7
7248,15
7249,16
7250,8
7251,18
7252,16
7253,13
7254,14
7255,14
7256,3
7257,17
7258,6
7259,0
7260,4
7261,0
7262,14
7263,12
7264,17
7265,4
7266,8
7267,17
7268,2
7269,1
7270,17
7271,3
7272,19
7273,17
7274,5
7275,14
7276,9
7277,4
7278,9
7279,12
7280,11
7281,16
7282,4
7283,17
7284,3
7285,3
7286,8
7287,11
7288,14
7289,18
7290,6
7291,1
7292,8
7293,2
7294,19
7295,17
7296,14
7297,1
7298,13
7299,10
7300,15
7301,4
7302,8
7303,3
7304,12
7305,17
7306,3
7307,9
7308,14
7309,4
7310,4
7311,17
7312,6
7313,12
7314,5
7315,3
7316,7
7317,9
7318,9
7319,16
7320,13
7321,8
7322,10
7323,4
7324,17
7325,16
7326,6
7327,2
7328,3
7329,2
7330,4
7331,3
7332,2
7333,12
7334,19
7335,14
7336,3
7337,3
7338,2
7339,9
7340,3
7341,2
7342,6
7343,19
7344,16
7345,4
7346,1
7347,10
7348,17
7349,3
7350,11
7351,8
7352,3
7353,10
7354,6
7355,3
7356,8
7357,13
7358,12
7359,17
7360,0
7361,13
7362,18
7363,6
7364,11
7365,4
7366,11
7367,3
7368,7
7369,14
7370,19
7371,8
7372,6
7373,4
7374,13
7375,16
7376,9
7377,4
7378,19
7379,14
7380,8
7381,17
7382,6
7383,7
7384,8
7385,14
7386,3
7387,17
7388,17
7389,14
7390,12
7391,17
7392,19
7393,3
7394,16
7395,19
7396,3
7397,5
7398,12
7399,3
7400,6
7401,3
7402,19
7403,10
7404,4
7405,16
7406,16
7407,19
7408,17
7409,4
7410,4
7411,3
7412,17
7413,11
7414,3
7415,11
7416,6
7417,16
7418,1
7419,10
7420,4
7421,17
7422,3
7423,11
7424,1
7425,7
7426,4
7427,3
7428,4
7429,4
7430,4
7431,16
7432,14
7433,4
7434,14
7435,13
7436,11
7437,6
7438,3
7439,7
7440,16
7441,15
7442,2
7443,3
7444,1
7445,4
7446,17
7447,9
7448,13
7449,10
7450,17
7451,14
7452,4
7453,3
7454,3
7455,14
7456,17
7457,3
7458,17
7459,8
7460,4
7461,3
7462,5
7463,3
7464,19
7465,11
7466,17
7467,14
7468,12
7469,17
7470,7
7471,2
7472,17
7473,14
7474,9
7475,17
7476,4
7477,14
7478,17
7479,16
7480,19
7481,0
7482,3
7483,12
7484,2
7485,16
7486,3
7487,9
7488,17
7489,0
7490,3
7491,0
7492,16
7493,2
7494,6
7495,16
7496,2
7497,16
7498,9
7499,2
7500,4
7501,7
7502,4
7503,17
7504,8
7505,16
7506,9
7507,17
7508,17
7509,16
7510,8
7511,6
7512,14
7513,14
7514,17
7515,16
7516,14
7517,14
7518,10
7519,4
7520,2
7521,17
7522,3
7523,16
7524,3
7525,12
7526,16
7527,16
7528,19
7529,14
7530,8
7531,4
7532,17
7533,6
7534,1
7535,17
7536,12
7537,17
7538,11
7539,1
7540,19
7541,19
7542,10
7543,17
7544,9
7545,3
7546,17
7547,4
7548,1
7549,11
7550,3
7551,3
7552,6
7553,14
7554,3
7555,4
7556,18
7557,0
7558,8
7559,17
7560,8
7561,19
7562,16
7563,3
7564,3
7565,16
7566,13
7567,6
7568,19
7569,9
7570,3
7571,19
7572,2
7573,9
7574,8
7575,3
7576,17
7577,12
7578,3
7579,4
7580,16
7581,3
7582,4
7583,17
7584,4
7585,7
7586,8
7587,6
7588,13
7589,14
7590,2
7591,13
7592,2
7593,6
7594,11
7595,4
7596,4
7597,10
7598,11
7599,1
7600,2
7601,0
7602,18
7603,19
7604,8
7605,11
7606,17
7607,4
7608,1
7609,19
7610,16
7611,17
7612,6
7613,17
7614,6
7615,3
7616,4
7617,11
7618,19
7619,6
7620,0
7621,10
7622,6
7623,1
7624,11
7625,9
7626,18
7627,2
7628,4
7629,0
7630,18
7631,8
7632,4
7633,15
7634,6
7635,11
7636,11
7637,2
7638,8
7639,7
7640,17
7641,2
7642,17
7643,4
7644,17
7645,18
7646,6
7647,14
7648,16
7649,16
7650,17
7651,4
7652,7
7653,16
7654,4
7655,19
7656,16
7657,3
7658,1
7659,4
7660,16
7661,17
7662,17
7663,15
7664,2
7665,11
7666,11
7667,2
7668,6
7669,10
7670,14
7671,17
7672,17
7673,17
7674,3
7675,4
7676,6
7677,8
7678,6
7679,0
7680,11
7681,4
7682,15
7683,16
7684,13
7685,17
7686,16
7687,6
7688,13
7689,4
7690,3
7691,17
7692,4
7693,11
7694,3
7695,3
7696,3
7697,14
7698,9
7699,18
7700,3
7701,0
7702,16
7703,8
7704,16
7705,12
7706,4
7707,13
7708,13
7709,11
7710,11
7711,2
7712,3
7713,17
7714,4
7715,17
7716,11
7717,2
7718,3
7719,2
7720,15
7721,16
7722,3
7723,16
7724,17
7725,11
7726,11
7727,13
7728,4
7729,3
7730,18
7731,11
7732,17
7733,8
7734,3
7735,3
7736,16
7737,0
7738,6
7739,6
7740,4
7741,17
7742,6
7743,2
7744,7
7745,4
7746,1
7747,4
7748,19
7749,13
7750,16
7751,6
7752,17
7753,17
7754,3
7755,4
7756,9
7757,6
7758,2
7759,16
7760,14
7761,17
7762,2
7763,13
7764,8
7765,13
7766,17
7767,16
7768,17
7769,8
7770,14
7771,3
7772,18
7773,11
7774,8
7775,6
7776,9
7777,17
7778,11
7779,14
7780,6
7781,1
7782,8
7783,11
7784,4
7785,19
7786,6
7787,17
7788,14
7789,8
7790,13
7791,3
7792,2
7793,0
7794,3
7795,3
7796,18
7797,4
7798,17
7799,8
7800,19
7801,3
7802,2
7803,2
7804,2
7805,3
7806,3
7807,4
7808,16
7809,3
7810,4
7811,7
7812,6
7813,3
7814,13
7815,4
7816,12
7817,2
7818,4
7819,4
7820,4
7821,1
7822,4
7823,17
7824,16
7825,11
7826,17
7827,17
7828,3
7829,8
7830,17
7831,17
7832,2
7833,16
7834,13
7835,4
7836,11
7837,17
7838,6
7839,2
7840,3
7841,16
7842,2
7843,12
7844,3
7845,6
7846,6
7847,16
7848,16
7849,15
7850,17
7851,13
7852,6
7853,17
7854,12
7855,2
7856,3
7857,18
7858,16
7859,19
7860,3
7861,2
7862,17
7863,17
7864,19
7865,3
7866,16
7867,3
7868,0
7869,15
7870,8
7871,9
7872,13
7873,0
7874,17
7875,9
7876,6
7877,2
7878,1
7879,17
7880,9
7881,3
7882,14
7883,0
7884,11
7885,11
7886,3
7887,18
7888,2
7889,1
7890,17
7891,17
7892,11
7893,17
7894,4
7895,16
7896,16
7897,8
7898,18
7899,17
7900,2
7901,4
7902,2
7903,4
7904,2
7905,17
7906,17
7907,8
7908,17
7909,3
7910,0
7911,2
7912,1
7913,16
7914,8
7915,3
7916,3
7917,17
7918,2
7919,17
7920,8
7921,4
7922,4
7923,4
7924,11
7925,6
7926,12
7927,1
7928,11
7929,17
7930,4
7931,9
7932,14
7933,16
7934,6
7935,12
7936,1
7937,19
7938,16
7939,8
7940,9
7941,7
7942,7
7943,9
7944,15
7945,16
7946,13
7947,16
7948,0
7949,3
7950,6
7951,17
7952,10
7953,3
7954,11
7955,4
7956,12
7957,14
7958,6
7959,3
7960,17
7961,10
7962,19
7963,4
7964,14
7965,3
7966,17
7967,8
7968,11
7969,19
7970,18
7971,6
7972,8
7973,9
7974,6
7975,6
7976,2
7977,17
7978,17
7979,10
7980,14
7981,12
7982,3
7983,12
7984,4
7985,16
7986,14
7987,4
7988,19
7989,8
7990,10
7991,14
7992,11
7993,17
7994,12
7995,4
7996,12
7997,4
7998,4
7999,17
8000,14
8001,8
8002,13
8003,11
8004,12
8005,9
8006,17
8007,19
8008,16
8009,10
8010,8
8011,8
8012,6
8013,1
8014,7
8015,12
8016,13
8017,16
8018,16
8019,9
8020,11
8021,17
8022,4
8023,16
8024,4
8025,3
8026,13
8027,12
8028,4
8029,2
8030,4
8031,3
8032,13
8033,10
8034,8
8035,14
8036,10
8037,17
8038,4
8039,15
8040,19
8041,3
8042,16
8043,8
8044,1
8045,13
8046,12
8047,15
8048,8
8049,2
8050,11
8051,15
8052,17
8053,2
8054,8
8055,9
8056,2
8057,10
8058,7
8059,15
8060,3
8061,17
8062,11
8063,1
8064,6
8065,19
8066,12
8067,2
8068,9
8069,3
8070,16
8071,17
8072,6
8073,2
8074,14
8075,8
8076,19
8077,4
8078,17
8079,3
8080,16
8081,16
8082,12
8083,11
8084,0
8085,1
8086,0
8087,7
8088,1
8089,14
8090,8
8091,11
8092,17
8093,6
8094,2
8095,4
8096,1
8097,3
8098,12
8099,4
8100,16
8101,8
8102,8
8103,2
8104,12
8105,4
8106,12
8107,4
8108,17
8109,9
8110,9
8111,7
8112,1
8113,1
8114,11
8115,10
8116,7
8117,14
8118,8
8119,9
8120,17
8121,4
8122,3
8123,16
8124,8
8125,5
8126,0
8127,17
8128,0
8129,8
8130,8
8131,16
8132,12
8133,16
8134,6
8135,19
8136,2
8137,8
8138,10
8139,16
8140,13
8141,16
8142,3
8143,17
8144,17
8145,9
8146,9
8147,1
8148,6
8149,9
8150,17
8151,3
8152,16
8153,4
8154,4
8155,12
8156,8
8157,16
8158,4
8159,4
8160,3
8161,2
8162,19
8163,17
8164,11
8165,18
8166,12
8167,18
8168,3
8169,4
8170,4
8171,2
8172,17
8173,17
8174,15
8175,12
8176,7
8177,12
8178,7
8179,3
8180,18
8181,10
8182,14
8183,13
8184,10
8185,16
8186,14
8187,17
8188,4
8189,8
8190,7
8191,12
8192,9
8193,7
8194,2
8195,8
8196,17
8197,12
8198,3
8199,11
8200,2
8201,1
8202,19
8203,18
8204,1
8205,19
8206,2
8207,2
8208,17
8209,2
8210,4
8211,16
8212,6
8213,14
8214,12
8215,0
8216,9
8217,3
8218,13
8219,17
8220,12
8221,18
8222,11
8223,17
8224,14
8225,16
8226,1
8227,17
8228,6
8229,16
8230,6
8231,17
8232,3
8233,19
8234,9
8235,9
8236,1
8237,15
8238,11
8239,4
8240,11
8241,7
8242,14
8243,13
8244,14
8245,2
8246,3
8247,4
8248,2
8249,14
8250,13
8251,5
8252,11
8253,17
8254,10
8255,12
8256,8
8257,15
8258,7
8259,5
8260,1
8261,6
8262,11
8263,18
8264,3
8265,17
8266,13
8267,4
8268,12
8269,9
8270,11
8271,12
8272,14
8273,11
8274,12
8275,12
8276,17
8277,18
8278,2
8279,18
8280,2
8281,17
8282,3
8283,11
8284,12
8285,2
8286,17
8287,6
8288,9
8289,16
8290,19
8291,17
8292,2
8293,11
8294,0
8295,17
8296,3
8297,13
8298,12
8299,0
8300,14
8301,1
8302,14
8303,13
8304,14
8305,12
8306,6
8307,13
8308,14
8309,7
8310,17
8311,15
8312,4
8313,15
8314,4
8315,0
8316,11
8317,1
8318,12
8319,17
8320,12
8321,7
8322,10
8323,14
8324,11
8325,2
8326,2
8327,3
8328,12
8329,16
8330,11
8331,14
8332,1
8333,12
8334,14
8335,3
8336,7
8337,1
8338,16
8339,17
8340,1
8341,13
8342,8
8343,3
8344,13
8345,11
8346,18
8347,14
8348,18
8349,3
8350,10
8351,4
8352,0
8353,4
8354,17
8355,4
8356,16
8357,7
8358,17
8359,17
8360,3
8361,11
8362,13
8363,3
8364,17
8365,4
8366,17
8367,8
8368,11
8369,9
8370,14
8371,9
8372,4
8373,19
8374,8
8375,4
8376,14
8377,3
8378,13
8379,11
8380,18
8381,1
8382,13
8383,14
8384,9
8385,2
8386,8
8387,6
8388,1
8389,16
8390,17
8391,17
8392,17
8393,17
8394,11
8395,8
8396,10
8397,14
8398,16
8399,1
8400,16
8401,17
8402,8
8403,17
8404,9
8405,12
8406,10
8407,11
8408,3
8409,13
8410,4
8411,10
8412,10
8413,2
8414,12
8415,4
8416,16
8417,4
8418,1
8419,2
8420,19
8421,14
8422,9
8423,17
8424,15
8425,12
8426,4
8427,15
8428,19
8429,18
8430,10
8431,8
8432,4
8433,14
8434,3
8435,1
8436,0
8437,18
8438,4
8439,8
8440,11
8441,2
8442,11
8443,16
8444,14
8445,13
8446,9
8447,17
8448,17
8449,1
8450,15
8451,17
8452,4
8453,17
8454,17
8455,16
8456,15
8457,17
8458,7
8459,2
8460,17
8461,17
8462,6
8463,8
8464,17
8465,17
8466,1
8467,16
8468,12
8469,4
8470,3
8471,10
8472,14
8473,16
8474,3
8475,17
8476,4
8477,14
8478,14
8479,10
8480,10
8481,8
8482,2
8483,11
8484,3
8485,2
8486,6
8487,2
8488,11
8489,17
8490,4
8491,17
8492,19
8493,17
8494,16
8495,7
8496,8
8497,6
8498,2
8499,15
8500,18
8501,3
8502,8
8503,15
8504,19
8505,7
8506,11
8507,17
8508,11
8509,19
8510,7
8511,8
8512,0
8513,16
8514,2
8515,17
8516,3
8517,1
8518,4
8519,17
8520,19
8521,17
8522,17
8523,8
8524,17
8525,16
8526,17
8527,13
8528,3
8529,16
8530,4
8531,13
8532,2
8533,0
8534,12
8535,7
8536,16
8537,12
8538,11
8539,0
8540,12
8541,12
8542,15
8543,19
8544,10
8545,4
8546,16
8547,4
8548,15
8549,11
8550,13
8551,16
8552,0
8553,4
8554,7
8555,12
8556,6
8557,8
8558,18
8559,4
8560,7
8561,11
8562,7
8563,2
8564,4
8565,17
8566,3
8567,1
8568,4
8569,3
8570,12
8571,8
8572,17
8573,10
8574,16
8575,13
8576,13
8577,3
8578,13
8579,1
8580,8
8581,6
8582,19
8583,8
8584,2
8585,4
8586,17
8587,0
8588,17
8589,2
8590,17
8591,2
8592,6
8593,10
8594,1
8595,4
8596,6
8597,7
8598,17
8599,9
8600,9
8601,0
8602,3
8603,1
8604,8
8605,18
8606,4
8607,4
8608,15
8609,9
8610,4
8611,12
8612,8
8613,10
8614,5
8615,2
8616,3
8617,19
8618,17
8619,16
8620,3
8621,16
8622,19
8623,17
8624,2
8625,17
8626,2
8627,3
8628,16
8629,4
8630,8
8631,6
8632,2
8633,18
8634,18
8635,19
8636,18
8637,13
8638,9
8639,10
8640,4
8641,19
8642,13
8643,4
8644,17
8645,9
8646,2
8647,11
8648,14
8649,10
8650,17
8651,17
8652,3
8653,6
8654,14
8655,6
8656,7
8657,1
8658,17
8659,17
8660,17
8661,4
8662,19
8663,13
8664,6
8665,9
8666,4
8667,12
8668,4
8669,1
8670,1
8671,19
8672,17
8673,4
8674,0
8675,14
8676,14
8677,6
8678,3
8679,8
8680,17
8681,19
8682,19
8683,16
8684,9
8685,15
8686,2
8687,5
8688,19
8689,11
8690,10
8691,16
8692,0
8693,0
8694,17
8695,17
8696,12
8697,17
8698,6
8699,17
8700,19
8701,17
8702,17
8703,1
8704,12
8705,16
8706,2
8707,0
8708,3
8709,13
8710,18
8711,11
8712,6
8713,6
8714,18
8715,0
8716,4
8717,2
8718,9
8719,17
8720,8
8721,8
8722,17
8723,9
8724,9
8725,19
8726,0
8727,19
8728,18
8729,3
8730,11
8731,14
8732,3
8733,17
8734,14
8735,7
8736,1
8737,8
8738,1
8739,16
8740,15
8741,2
8742,12
8743,7
8744,13
8745,18
8746,14
8747,4
8748,12
8749,13
8750,14
8751,17
8752,16
8753,9
8754,13
8755,3
8756,11
8757,18
8758,4
8759,16
8760,6
8761,13
8762,6
8763,12
8764,17
8765,16
8766,16
8767,3
8768,3
8769,3
8770,0
8771,10
8772,19
8773,17
8774,8
8775,4
8776,16
8777,1
8778,3
8779,0
8780,3
8781,9
8782,15
8783,7
8784,2
8785,2
8786,13
8787,4
8788,10
8789,4
8790,10
8791,14
8792,3
8793,5
8794,11
8795,9
8796,1
8797,19
8798,11
8799,3
8800,7
8801,17
8802,0
8803,3
8804,4
8805,3
8806,18
8807,11
8808,1
8809,3
8810,9
